SMILES,Adduct,True CCS
CCCCOCCOCCOCc1cc2c(OCO2)cc1CCC,[M+Na]+,180.7781741
CCC(=O)c1ccc(O)cc1,[M+H]+,129.9995959
[C@@]12(O[C@H]([C@@H]([C@H](C1)O)C(=O)O)C[C@@H](O[C@H]1[C@H]([C@H]([C@@H]([C@H](O1)C)O)N)O)/C=C/C=C/C=C/C=C/C[C@H](OC(=O)/C=C/[C@H]1O[C@@H]1C[C@@H](C2)O)C)O,[M+H]+,261.0581748
[C@@]12(O[C@H]([C@@H]([C@H](C1)O)C(=O)O)C[C@@H](O[C@H]1[C@H]([C@H]([C@@H]([C@H](O1)C)O)N)O)/C=C/C=C/C=C/C=C/C[C@H](OC(=O)/C=C/[C@H]1O[C@@H]1C[C@@H](C2)O)C)O,[M+Na]+,266.0379933
C1=CC=C(C=C1)NC(=O)C2=CC=CC=C2I,[M+H]+,152.6197795
C1=CC=C(C=C1)NC(=O)C2=CC=CC=C2I,[M+Na]+,167.9461518
CN(C)NC(=O)CCC(=O)O,[M+Na]+,142.1967583
C(=O)(C)O[C@H]1[C@H](NC[C@@H]1O)Cc1ccc(cc1)OC,[M+H]+,164.1824982
Clc1ccc(NC(=O)Nc2ccc(Cl)c(Cl)c2)cc1,[M+H]+,173.8303716
CCCCOC(=O)C1=CC=CC=C1C(=O)OCC1=CC=CC=C1,[M+Na]+,178.520221
C1CCC(CC1)OC(=O)C2=CC=CC=C2C(=O)OC3CCCCC3,[M+Na]+,198.5933821
O=C(OCCCCCCCC)c1ccccc1C(=O)OCCCCCCCC,[M+H]+,210.9954581
O=C(OCCCCCCCC)c1ccccc1C(=O)OCCCCCCCC,[M+Na]+,217.0850719
N(C[C@H](O)[C@@H](O)[C@H](O)[C@H](O)CO)C,[M+Na]+,147.917449
CCOc1c(ccc(NC(=O)C)c1)C(=O)OC,[M+H]+,151.1263181
CCOc1c(ccc(NC(=O)C)c1)C(=O)OC,[M+Na]+,166.1653336
CC1(CCC[C@@]2(C1=CC(=O)O2)C)C,[M+H]+,138.9284798
C1=CC=C(C=C1)CCC(=O)C=CC=CC2=CC=CC=C2,[M+H]+,168.7256995
C[C@H]1[C@@H]([C@H]([C@H]([C@@H](O1)Oc1cc(c2c(c1)oc(c(c2=O)O[C@H]1[C@@H]([C@@H]([C@H]([C@@H](O1)C)O)O)O)c1ccc(O)cc1)O)O)O)O,[M+H]+,242.4290697
C[C@H]1[C@@H]([C@H]([C@H]([C@@H](O1)Oc1cc(c2c(c1)oc(c(c2=O)O[C@H]1[C@@H]([C@@H]([C@H]([C@@H](O1)C)O)O)O)c1ccc(O)cc1)O)O)O)O,[M+Na]+,250.6957665
c1ccc(cc1)[C@H](C#N)O[C@H]1[C@@H]([C@H]([C@@H]([C@H](O1)CO[C@H]1[C@@H]([C@H]([C@@H]([C@H](O1)CO)O)O)O)O)O)O,[M+Na]+,210.7417565
COc1cc(cc(c1OC)OC)CC=C,[M+H]+,144.7647538
COC1=C(C=CC(=C1)C=CC(=O)NCCC2=CC=C(C=C2)O)O,[M+H]+,181.2849848
COC1=C(C=CC(=C1)C=CC(=O)NCCC2=CC=C(C=C2)O)O,[M+Na]+,191.6993906
CC1=C(C(=C2C(=C1)C(=O)C3=C(C2=O)C(=CC=C3)O)OC)O,[M+H]+,158.7490827
CC1C(=O)CCC2C1(CCC3C2(CCC4(C3(CCC(C4)(C)CCC=C(C)C)C)C)C)C,[M+H]+,211.3403406
CC(=O)C=CC1=CC=CC=C1,[M+H]+,131.2423894
CC(=O)OC5CC(=O)O[C@@](C)(C)[C@@H]6CC(=O)[C@]3(C)[C@H](CC[C@@]2(C)[C@@H](OC(=O)[C@H]1O[C@]123)c4ccoc4)[C@@]56C,[M+Na]+,223.3960715
CC(=O)OC5CC(=O)O[C@@](C)(C)[C@@H]6CC(=O)[C@]3(C)[C@H](CC[C@@]2(C)[C@@H](OC(=O)[C@H]1O[C@]123)c4ccoc4)[C@@]56C,[M+H]+,217.1498165
COc1ccc2ccc(=O)oc2c1,[M+H]+,131.3901741
C[C@H]1[C@@H]([C@H]([C@H]([C@@H](O1)O[C@@H]1[C@H]([C@@H]([C@H](O[C@H]1Oc1cc(c(c(c1)O)C(=O)CCc1cc(c(cc1)OC)O)O)CO)O)O)O)O)O,[M+H]+,233.956908
C[C@H]1[C@@H]([C@H]([C@H]([C@@H](O1)O[C@@H]1[C@H]([C@@H]([C@H](O[C@H]1Oc1cc(c(c(c1)O)C(=O)CCc1cc(c(cc1)OC)O)O)CO)O)O)O)O)O,[M+Na]+,234.0231755
C[C@H]1[C@@H]([C@H]([C@@H](O)[C@@H](O1)O[C@@H]1[C@@H](O)[C@H](O)[C@@H](CO)O[C@H]1Oc1cc2O[C@@H](CC(=O)c2c(c1)O)c1ccc(c(c1)O)OC)O)O,[M+Na]+,237.0994995
[C@@H]1([C@H](O)[C@@H]([C@H](O[C@@H]2[C@H]([C@@H]([C@H](O[C@H]2c2c(cc(c3c2oc(cc3=O)c2ccc(cc2)O)O)O)CO)O)O)O[C@@H]1C)O)O,[M+H]+,221.5399465
[C@@H]1([C@H](O)[C@@H]([C@H](O[C@@H]2[C@H]([C@@H]([C@H](O[C@H]2c2c(cc(c3c2oc(cc3=O)c2ccc(cc2)O)O)O)CO)O)O)O[C@@H]1C)O)O,[M+Na]+,228.4067859
C/C(=C\C=C\C=C(/C)\C=C\C=C(/C)\C(=O)O[C@H]1[C@@H]([C@H]([C@@H]([C@H](O1)CO[C@H]1[C@@H]([C@H]([C@@H]([C@H](O1)CO)O)O)O)O)O)O)/C=C/C=C(\C)/C(=O)O[C@H]1[C@@H]([C@H]([C@@H]([C@H](O1)CO[C@H]1[C@@H]([C@H]([C@@H]([C@H](O1)CO)O)O)O)O)O)O,[M+Na]+,316.1991044
C(=O)(/C(=C/C=C/C(=C/C=C/C=C(/C=C/C=C(/C(=O)O[C@H]1[C@@H]([C@H]([C@@H]([C@H](O1)CO)O)O)O)\C)\C)/C)/C)O[C@H]1[C@@H]([C@@H]([C@@H]([C@H](O1)CO[C@H]1[C@@H]([C@H]([C@@H]([C@H](O1)CO)O)O)O)O)O)O,[M+Na]+,281.95453
Cc1cc(cc(c1)O[C@H]1[C@@H]([C@H]([C@@H]([C@H](O1)CO)O)O)O)O,[M+Na]+,175.747545
C1=CC(=C(C=C1C2=CC(=O)C3=C(C=C(C=C3O2)O[C@H]4[C@@H]([C@H]([C@@H]([C@H](O4)CO)O)O)O)O)O)O,[M+H]+,209.0068227
COC1=CC(=CC(=C1O)OC)C2C3C(COC3=O)C(C4=CC5=C(C=C24)OCO5)O,[M+H]+,195.987143
COC1=CC(=CC(=C1O)OC)C2C3C(COC3=O)C(C4=CC5=C(C=C24)OCO5)O,[M+Na]+,199.7209001
COc1cc(c2c(c1)oc(=O)c1c2oc2cc(c(cc12)O)O)O,[M+H]+,167.9281871
CC1CC2C(C2(C)C)C3C=C(C(C4(C1(C3=O)C=C(C4O)C)O)O)CO,[M+Na]+,190.1068536
COc1c2ccc(=O)oc2cc2c1cco2,[M+H]+,139.9218483
O=C(OC)C2=CO[C@@H](O[C@@H]1O[C@H](CO)[C@@H](O)[C@H](O)[C@H]1O)[C@H]3[C@@H]2[C@H](O)C[C@]3(C)OC(C)=O,[M+Na]+,207.7561118
[C@@H]1([C@H]2[C@@H](C(=CO1)C(=O)O)CC=C2CO)O[C@H]1[C@H](O)[C@@H](O)[C@H](O)[C@H](O1)CO,[M+Na]+,188.1188481
COC(=O)C1=CO[C@H]([C@@H]2C(=CC[C@H]12)CO)O[C@H]1[C@@H]([C@H]([C@@H]([C@@H](CO)O1)O)O)O,[M+Na]+,193.7007273
Oc1cc(O)cc2OC(=CC(=O)c12)c6cc(c5c(O)cc(O)c3c5OC(=CC3=O)c4ccc(O)cc4)c(OC)cc6,[M+H]+,230.4867904
Oc1cc(OC)cc2OC(=CC(=O)c12)c6cc(c5c(O)cc(O)c3c5OC(=CC3=O)c4ccc(OC)cc4)c(OC)cc6,[M+H]+,235.3669477
COC1=CC=C(C=C1)C2=CC(=O)C3=C(O2)C(=C(C=C3O)O)C4=C(C=CC(=C4)C5=CC(=O)C6=C(C=C(C=C6O5)O)O)OC,[M+H]+,231.5089288
O[C@@H]1[C@H](O)[C@@H](O)[C@H](O)[C@H](O1)CO,[M+Na]+,143.9859551
CCOC(=O)C1=CC2=CC=CC=C2OC1=O,[M+H]+,141.9164875
CCOC(=O)C1=CC2=CC=CC=C2OC1=O,[M+Na]+,159.2533194
CC1=CC(=O)OC2=C1C=CC(=C2[N+](=O)[O-])O,[M+H]+,144.5735374
CC1=CC(=O)OC2=CC(=CC(=C12)O)O,[M+H]+,136.8856341
CC1=CC(=O)OC2=CC(=C(C=C12)O)O,[M+H]+,136.8009543
C1=CC2=C(C=CC(=O)O2)C=C1O,[M+H]+,129.5846156
C1=CC=C(C=C1)C2=CC(=O)OC3=C2C=CC(=C3O)O,[M+H]+,156.5026607
COc2cc(O)ccc2/C=C/C(=O)c1ccc(O)cc1,[M+H]+,167.4537974
COc2cc(O)ccc2/C=C/C(=O)c1ccc(O)cc1,[M+Na]+,183.7506159
COC1=C(C=CC(=C1O)O)C=CC(=O)C2=CC=C(C=C2)O,[M+H]+,170.362418
CC(C)(C=C)c1c(cc(c(c1)/C=C/C(=O)c1ccc(cc1)O)OC)O,[M+H]+,191.2557476
CC(C)(C=C)c1c(cc(c(c1)/C=C/C(=O)c1ccc(cc1)O)OC)O,[M+Na]+,206.1727913
CC1([C@@H]2CC[C@@]3([C@@H]([C@]2(CC[C@@H]1O[C@@H]1[C@@H]([C@H]([C@@H]([C@H](O1)C(=O)O)O)O)OC1[C@@H]([C@H]([C@@H]([C@H](O1)C(=O)O)O)O)O)C)C(=O)C=C1[C@]3(CC[C@@]2([C@H]1C[C@@](CC2)(C)C(=O)O)C)C)C)C,[M+Na]+,295.2507884
CC1(C=Cc2c(O1)ccc1c2OC[C@H](C1)c1c(cc(cc1)O)O)C,[M+H]+,180.628133
COc1cc(cc(c1C(=O)/C=C/c1ccccc1)O)O,[M+H]+,164.0165577
COc1cc(cc(c1C(=O)/C=C/c1ccccc1)O)O,[M+Na]+,178.2783891
C1(=O)C(=C)[C@H]2[C@H](O1)[C@H]1[C@](CC/C=C(\CC2)/C)(C)O1,[M+H]+,154.2330393
C1(=O)C(=C)[C@H]2[C@H](O1)[C@H]1[C@](CC/C=C(\CC2)/C)(C)O1,[M+Na]+,164.2365975
O1[C@H]2[C@@H]3N(CC2)CC=C3COC(=O)[C@](O)([C@](O)([C@H](C1=O)C)C)C,[M+Na]+,180.1798012
COC1=CC(=C2C(=C1)OC(=CC2=O)C3=CC=C(C=C3)O)O,[M+H]+,163.5378153
O=C(OC)C2=CO[C@@H](O[C@@H]1O[C@H](CO)[C@@H](O)[C@H](O)[C@H]1O)[C@H](C=C)[C@@H]2CC(=O)O,[M+Na]+,192.5202773
CN1CCC2=CC(=C(C=C2C1CC3=CC=C(C=C3)OC4=C(C=CC(=C4)CC5C6=CC(=C(C=C6CCN5C)OC)OC)O)OC)OC,[M+H]+,248.0346909
CN1CCC2=CC(=C(C=C2C1CC3=CC=C(C=C3)OC4=C(C=CC(=C4)CC5C6=CC(=C(C=C6CCN5C)OC)OC)O)OC)OC,[M+Na]+,246.7174031
C1=C(C=C(C(=C1O)O)O)[C@@H]2[C@H](C(=O)C3=C(C=C(C=C3O2)O)O)O,[M+H]+,173.6282291
C[C@H]1[C@@H]([C@H]([C@H]([C@@H](O1)Oc1c(=O)c2c(cc(cc2oc1c1cc(c(c(c1)O)O)O)O)O)O)O)O,[M+Na]+,212.9956202
CN1CCC2=CC(=C(C=C2C1CC3=CC=C(C=C3)OC)OC4=C(C=CC(=C4)CC5C6=CC(=C(C=C6CCN5C)OC)OC)O)OC,[M+H]+,242.9007843
CN1CCC2=CC(=C(C=C2C1CC3=CC=C(C=C3)OC)OC4=C(C=CC(=C4)CC5C6=CC(=C(C=C6CCN5C)OC)OC)O)OC,[M+Na]+,247.3184564
CN1CCC2=CC(=C(C=C2C1CC3=CC=C(C=C3)OC)OC4=C(C=CC(=C4)CC5C6=CC(=C(C=C6CCN5C)OC)O)O)OC,[M+H]+,238.3932051
CN1CCC2=CC(=C(C=C2C1CC3=CC=C(C=C3)OC)OC4=C(C=CC(=C4)CC5C6=CC(=C(C=C6CCN5C)OC)O)O)OC,[M+Na]+,237.1097972
c12c(cccc1)C[C@@H]1c3c2c(c(cc3CCN1C)OC)OC,[M+H]+,172.4151441
C1=C([C@H](/C(=C\C)/[C@@H](O1)O[C@@H]1O[C@@H]([C@H]([C@@H]([C@H]1O)O)O)CO)CC(=O)OCCc1cc(c(cc1)O)O)C(=O)OC,[M+Na]+,214.6102279
O[C@H]1[C@H]2[C@]([C@]3([C@@H]([C@@]4([C@@H](CC3)C([C@@H](O)CC4)(C)C)C)C1)C)(CC[C@@H]2[C@@]1(OC(CCC1)(C)C)C)C,[M+H]+,218.8171913
O[C@H]1[C@H]2[C@]([C@]3([C@@H]([C@@]4([C@@H](CC3)C([C@@H](O)CC4)(C)C)C)C1)C)(CC[C@@H]2[C@@]1(OC(CCC1)(C)C)C)C,[M+Na]+,230.4712393
C1C[C@@H](C([C@@H]2CC[C@]3([C@@]4(CC[C@@H]([C@H]4[C@@H](C[C@@H]3[C@@]12C)O)[C@](C)(CCC=C(C)C)O)C)C)(C)C)O,[M+Na]+,227.0007483
O1[C@@H]([C@H]([C@@H]([C@H]([C@@H]1O[C@H]1CC[C@]2([C@H](C1(C)C)CC[C@]1([C@@]3(CC[C@]4(CCC(C[C@H]4C3=CC[C@H]21)(C)C)C(=O)O[C@@H]1O[C@@H]([C@H]([C@@H]([C@H]1O)O)O)CO)C)C)C)O[C@@H]1O[C@@H]([C@H]([C@@H]([C@H]1O)O)O)CO)O)O)C(=O)O,[M+Na]+,315.6309386
COc1cc(cc(c1)O)/C=C/c1ccc(cc1)O,[M+H]+,160.075347
CC(C)C1=CC2=CC[C@@H]3[C@@]([C@H]2CC1)(CCC[C@@]3(C)C(=O)O)C,[M+H]+,174.9634729
COc1cc(cc(c1OC)OC)/C=C/C(=O)N1CCC=CC1=O,[M+Na]+,196.9013737
COC1=CC=C(C=C1)C=CC(=O)C2=C(C=C(C=C2OC)OC)O,[M+H]+,176.3584752
COC1=CC=C(C=C1)C=CC2=CC(=CC(=O)O2)OC,[M+H]+,163.3074845
COC1=CC=C(C=C1)C=CC2=CC(=CC(=O)O2)OC,[M+Na]+,187.0671499
COC1=CC(=O)O[C@H](C1)\C=C\c1ccccc1,[M+Na]+,172.7282391
COC1=CC(=O)O[C@@H](CCc2ccccc2)C1,[M+H]+,149.1110735
COC1=CC(=O)O[C@@H](CCc2ccccc2)C1,[M+Na]+,155.5145638
C1CCN(CC1)C(=O)/C=C/C=C/c1cc2c(cc1)OCO2,[M+H]+,177.202268
C1CCN(CC1)C(=O)/C=C/C=C/c1cc2c(cc1)OCO2,[M+Na]+,199.5215946
CC(=C)C1CCC(=CC1)C=NO,[M+H]+,138.7284185
O[C@]1([C@@H]([C@@]2([C@H](C(CCC2)(C)C)CC1)C)CC[C@@](O)(C=C)C)C,[M+Na]+,189.7872405
c1cc(ccc1c1coc2cc(cc(c2c1=O)O)O[C@H]1[C@@H]([C@H]([C@@H]([C@H](O1)CO)O)O)O)O,[M+H]+,207.0728299
C[C@]12CCC3[C@@]4(CCC[C@@]([C@H]4CC[C@@]3(C1)CC2=O)(C)C(=O)O)C,[M+H]+,180.2164535
COC1=C(C=CC(=C1)C=CC(=O)CC(=O)C=CC2=CC=C(C=C2)O)O,[M+H]+,193.3330032
CCCCCCCC(CC(=O)CCC1=CC(=C(C=C1)O)OC)O,[M+Na]+,193.9963217
CCCCCC=CC(=O)CCC1=CC(=C(C=C1)O)OC,[M+Na]+,184.3884597
C(CC(=O)C[C@H](CCCCCCCCC)O)c1cc(c(cc1)O)OC,[M+Na]+,202.8035471
CCCCC[C@@H](CC(=O)CCc1cc(c(cc1)O)OC)O,[M+Na]+,181.4981534
[C@H]1(CC(=O)c2c(O1)cc(cc2OC)O)c1ccccc1,[M+H]+,160.7579271
[C@H]1(CC(=O)c2c(O1)cc(cc2OC)O)c1ccccc1,[M+Na]+,178.4963635
COC1=C(C(=C2C(=C1)OC(=CC2=O)C3=CC=C(C=C3)O)O)C4C(C(C(C(O4)CO)O)O)OC5C(C(C(C(O5)CO)O)O)O,[M+H]+,235.9924194
COC1=C(C(=C2C(=C1)OC(=CC2=O)C3=CC=C(C=C3)O)O)C4C(C(C(C(O4)CO)O)O)OC5C(C(C(C(O5)CO)O)O)O,[M+Na]+,245.1110961
O=C(OC)C2=CO[C@@H](O[C@@H]1O[C@H](CO)[C@@H](O)[C@H](O)[C@H]1O)[C@H]4[C@]2(O)[C@H](O)[C@@H]3O[C@@]34C,[M+Na]+,196.1627076
C\1=C(/CC/C=C(/CC(=O)C(=C(C)C)C1)\C)\C,[M+H]+,149.5257404
O1O[C@]2(O[C@H]3O[C@@H](OC(=O)CCC(=O)O)[C@@H]([C@H]4[C@@]13[C@H]([C@@H](CC4)C)CC2)C)C,[M+Na]+,185.3126702
C[C@@H]1OC[C@@H]2[C@@H](O1)[C@@H]([C@H]([C@@H](O2)O[C@H]3[C@H]4COC(=O)[C@@H]4[C@@H](C5=CC6=C(C=C35)OCO6)C7=CC(=C(C(=C7)OC)O)OC)O)O,[M+H]+,250.4818312
C[C@@H]1OC[C@@H]2[C@@H](O1)[C@@H]([C@H]([C@@H](O2)O[C@H]3[C@H]4COC(=O)[C@@H]4[C@@H](C5=CC6=C(C=C35)OCO6)C7=CC(=C(C(=C7)OC)O)OC)O)O,[M+Na]+,251.4337186
Nc1nc(=O)n(cc1)[C@@H]1O[C@H](CO)[C@@H](O)C1(F)F,[M+H]+,155.9194072
Nc1nc(=O)n(cc1)[C@@H]1O[C@H](CO)[C@@H](O)C1(F)F,[M+Na]+,167.9127968
[H][C@]1(F)[C@H](O)[C@@H](CO)O[C@H]1N1C=NC2=C(N)N=C(Cl)N=C12,[M+H]+,158.1947337
[H][C@]1(F)[C@H](O)[C@@H](CO)O[C@H]1N1C=NC2=C(N)N=C(Cl)N=C12,[M+Na]+,166.5109924
CCC(C)(C)C(=O)O[C@H]1C[C@@H](C)C=C2C=C[C@H](C)[C@H](CC[C@@H]3C[C@@H](O)CC(=O)O3)[C@@H]12,[M+H]+,207.5989807
Cc1noc(NS(=O)(=O)c2ccc(N)cc2)c1C,[M+Na]+,169.6666747
[C@H]1([C@H]([C@H](O[C@H]2O[C@@H]([C@H](C[C@H]2N)O)CN)[C@H](C[C@H]1N)N)O)O[C@H]1O[C@@H]([C@H]([C@@H]([C@H]1O)N)O)CO,[M+H]+,202.6481025
[C@H]1([C@H]([C@H](O[C@H]2O[C@@H]([C@H](C[C@H]2N)O)CN)[C@H](C[C@H]1N)N)O)O[C@H]1O[C@@H]([C@H]([C@@H]([C@H]1O)N)O)CO,[M+Na]+,206.8461712
c12c(ncn1COCCO)c(=O)[nH]c(n2)N,[M+Na]+,160.6487213
c1nc2c([nH]1)c(=S)nc([nH]2)N,[M+H]+,132.570056
c1nc2c([nH]1)c(=S)nc([nH]2)N,[M+Na]+,142.2641423
C(P(=O)(O)O)O[C@@H](Cn1c(=O)nc(cc1)N)CO,[M+H]+,157.9768903
C(P(=O)(O)O)O[C@@H](Cn1c(=O)nc(cc1)N)CO,[M+Na]+,160.1763082
Oc1ccc(NC(=O)c2ccccc2O)cc1,[M+H]+,151.3645811
OC(=O)c1ccccc1Nc1cccc(c1)C(F)(F)F,[M+H]+,159.3880034
CN1C2=C(C(=O)N(C1=O)C)N(C=N2)CC(=O)O,[M+H]+,152.0282194
CC1=C(S(=O)(O)=O)OC2=C1C(C(C3=C2C=CC4=C3CCCC4(C)C)=O)=O,[M+Na]+,225.7544066
COc1ccc(C[C@H]2COC(=O)[C@@H]2Cc2ccc(c(c2)OC)O[C@H]2[C@@H]([C@H]([C@@H]([C@@H](CO)O2)O)O)O)cc1OC,[M+Na]+,223.6883337
[C@@H]1(Cc2c(O1)ccc1c2O[C@@H]2COc3cc(c(cc3[C@@H]2C1=O)OC)OC)C(=C)C,[M+H]+,195.4870688
c1c(ccc(c1O)O)C(=O)Nc1nc(c(s1)c1ccccc1)c1cc(c(cc1)O)O,[M+H]+,207.9133035
c1c(ccc(c1O)O)C(=O)Nc1nc(c(s1)c1ccccc1)c1cc(c(cc1)O)O,[M+Na]+,216.4357596
n1(c(=O)cc(c2cc(ccc12)[C@@](c1cncn1C)(c1ccc(cc1)Cl)N)c1cc(ccc1)Cl)C,[M+H]+,215.3417796
CC1(C=Cc2c(O1)ccc1c2O[C@@H]2COc3cc(c(cc3[C@@H]2C1=O)OC)OC)C,[M+Na]+,208.6269428
CCC(=O)c1ccc(O)cc1,[M-H]-,131.826804
CCOc1c(O)ccc(C=O)c1,[M-H]-,133.6852763
OC[C@H](O)[C@@H](O)[C@H](O[C@H]1O[C@H](CO)[C@@H](O)[C@H](O)[C@H]1O)[C@H](O)CO,[M-H]-,169.5675002
[C@@]12(O[C@H]([C@@H]([C@H](C1)O)C(=O)O)C[C@@H](O[C@H]1[C@H]([C@H]([C@@H]([C@H](O1)C)O)N)O)/C=C/C=C/C=C/C=C/C[C@H](OC(=O)/C=C/[C@H]1O[C@@H]1C[C@@H](C2)O)C)O,[M-H]-,262.3227788
N1c2ccccc2Sc2ccccc12,[M-H]-,140.5386422
CNC(=O)Oc1cccc2ccccc12,[M-H]-,144.3589602
C12=C3[C@@H](CCC1=CC(=O)CC2)[C@H]1[C@](C=C3)([C@](CC1)(O)CC=C)C,[M-H]-,180.5636648
C1=CC=C(C=C1)NC(=O)C2=CC=CC=C2I,[M-H]-,156.0509719
CN(C)NC(=O)CCC(=O)O,[M-H]-,135.8780749
Clc1ccc(NC(=O)Nc2ccc(Cl)c(Cl)c2)cc1,[M-H]-,178.6737079
N(C[C@H](O)[C@@H](O)[C@H](O)[C@H](O)CO)C,[M-H]-,139.8012005
CCOc1c(ccc(NC(=O)C)c1)C(=O)OC,[M-H]-,158.1578352
Oc1c(Cl)cc(Cl)cc1Sc1cc(Cl)cc(Cl)c1O,[M-H]-,169.3510479
CN1C=C(C2=CC=CC=C21)CC(C(=O)O)N,[M-H]-,157.3909725
C1=CC=C(C=C1)CCC(=O)C=CC=CC2=CC=CC=C2,[M-H]-,178.1275954
C[C@H]1[C@@H]([C@H]([C@H]([C@@H](O1)Oc1cc(c2c(c1)oc(c(c2=O)O[C@H]1[C@@H]([C@@H]([C@H]([C@@H](O1)C)O)O)O)c1ccc(O)cc1)O)O)O)O,[M-H]-,239.5851378
c1ccc(cc1)[C@H](C#N)O[C@H]1[C@@H]([C@H]([C@@H]([C@H](O1)CO[C@H]1[C@@H]([C@H]([C@@H]([C@H](O1)CO)O)O)O)O)O)O,[M-H]-,205.68896
COC1=C(C=CC(=C1)C=CC(=O)NCCC2=CC=C(C=C2)O)O,[M-H]-,176.3570681
CC1=C(C(=C2C(=C1)C(=O)C3=C(C2=O)C(=CC=C3)O)OC)O,[M-H]-,160.8542464
c1c(cc(c(c1OC)OC)OC)/C=C/C(=O)O,[M-H]-,167.9116062
CC(=O)OC5CC(=O)O[C@@](C)(C)[C@@H]6CC(=O)[C@]3(C)[C@H](CC[C@@]2(C)[C@@H](OC(=O)[C@H]1O[C@]123)c4ccoc4)[C@@]56C,[M-H]-,219.9013263
C1C(CC[C@@]2(CC[C@]3([C@@]4(CC[C@H]5C([C@H]([C@@H](C[C@@]5([C@H]4CC=C3[C@H]12)C)O)O)(C)C)C)C)C(=O)O)(C)C,[M-H]-,222.5352747
[C@@H]1([C@H](O)[C@@H]([C@H](O[C@@H]2[C@H]([C@@H]([C@H](O[C@H]2c2c(cc(c3c2oc(cc3=O)c2ccc(cc2)O)O)O)CO)O)O)O[C@@H]1C)O)O,[M-H]-,227.6164041
C/C(=C\C=C\C=C(/C)\C=C\C=C(/C)\C(=O)O[C@H]1[C@@H]([C@H]([C@@H]([C@H](O1)CO[C@H]1[C@@H]([C@H]([C@@H]([C@H](O1)CO)O)O)O)O)O)O)/C=C/C=C(\C)/C(=O)O[C@H]1[C@@H]([C@H]([C@@H]([C@H](O1)CO[C@H]1[C@@H]([C@H]([C@@H]([C@H](O1)CO)O)O)O)O)O)O,[M-H]-,310.8039717
C(=O)(/C(=C/C=C/C(=C/C=C/C=C(/C=C/C=C(/C(=O)O[C@H]1[C@@H]([C@H]([C@@H]([C@H](O1)CO)O)O)O)\C)\C)/C)/C)O[C@H]1[C@@H]([C@@H]([C@@H]([C@H](O1)CO[C@H]1[C@@H]([C@H]([C@@H]([C@H](O1)CO)O)O)O)O)O)O,[M-H]-,280.8653338
CCOC(=O)c1cc(OC)c(O)cc1,[M-H]-,144.1242072
C1=CC(=C(C=C1C2=CC(=O)C3=C(C=C(C=C3O2)O[C@H]4[C@@H]([C@H]([C@@H]([C@H](O4)CO)O)O)O)O)O)O,[M-H]-,210.1378856
COC1=CC(=CC(=C1O)OC)C2C3C(COC3=O)C(C4=CC5=C(C=C24)OCO5)O,[M-H]-,197.3821332
COc1cc(c2c(c1)oc(=O)c1c2oc2cc(c(cc12)O)O)O,[M-H]-,168.6658664
CC1CC2C(C2(C)C)C3C=C(C(C4(C1(C3=O)C=C(C4O)C)O)O)CO,[M-H]-,184.4073688
O=C(OC)C2=CO[C@@H](O[C@@H]1O[C@H](CO)[C@@H](O)[C@H](O)[C@H]1O)[C@H]3[C@@H]2[C@H](O)C[C@]3(C)OC(C)=O,[M-H]-,208.1894437
[C@@H]1([C@H]2[C@@H](C(=CO1)C(=O)O)CC=C2CO)O[C@H]1[C@H](O)[C@@H](O)[C@H](O)[C@H](O1)CO,[M-H]-,184.1686905
COC(=O)C1=CO[C@H]([C@@H]2C(=CC[C@H]12)CO)O[C@H]1[C@@H]([C@H]([C@@H]([C@@H](CO)O1)O)O)O,[M-H]-,184.5960367
Oc1cc(O)cc2OC(=CC(=O)c12)c6cc(c5c(O)cc(O)c3c5OC(=CC3=O)c4ccc(O)cc4)c(OC)cc6,[M-H]-,221.4396404
CCCCCCCCCCCCCCCC1=CC=CC(O)=C1C(O)=O,[M-H]-,190.917685
Oc1cc(OC)cc2OC(=CC(=O)c12)c6cc(c5c(O)cc(O)c3c5OC(=CC3=O)c4ccc(OC)cc4)c(OC)cc6,[M-H]-,235.495502
COC1=CC=C(C=C1)C2=CC(=O)C3=C(O2)C(=C(C=C3O)O)C4=C(C=CC(=C4)C5=CC(=O)C6=C(C=C(C=C6O5)O)O)OC,[M-H]-,230.7757553
C1(=O)O[C@H]2[C@@]3([C@]41[C@H](C[C@@]3(O)C(C)(C)C)OC(=O)C4)[C@H](C(=O)O2)O,[M-H]-,162.3961641
C1CC(=O)OC2=CC=CC=C21,[M-H]-,127.47438
CC1=CC(=O)OC2=CC(=CC(=C12)O)O,[M-H]-,135.2771415
CC1=CC(=O)OC2=C1C=C(C=C2)O,[M-H]-,135.4796567
CC1=CC(=O)OC2=CC(=C(C=C12)O)O,[M-H]-,135.3323523
C1=CC2=C(C=CC(=O)O2)C=C1O,[M-H]-,129.6139591
C1=CC=C(C=C1)C2=CC(=O)OC3=C2C=CC(=C3O)O,[M-H]-,157.0131908
COc2cc(O)ccc2/C=C/C(=O)c1ccc(O)cc1,[M-H]-,171.5390084
COC1=C(C=CC(=C1O)O)C=CC(=O)C2=CC=C(C=C2)O,[M-H]-,171.1387914
CC(C)(C=C)c1c(cc(c(c1)/C=C/C(=O)c1ccc(cc1)O)OC)O,[M-H]-,194.5595589
CC1(C=Cc2c(O1)ccc1c2OC[C@H](C1)c1c(cc(cc1)O)O)C,[M-H]-,184.4591631
COc1cc(cc(c1O)OC)C(=O)OC,[M-H]-,146.3547301
C1C(C(C(CC1(C(=O)O)O)OC(=O)C=CC2=CC(=C(C=C2)O)O)OC(=O)C=CC3=CC(=C(C=C3)O)O)O,[M-H]-,213.4574715
COc1cc(cc(c1C(=O)/C=C/c1ccccc1)O)O,[M-H]-,167.3512539
O=C(OC)C2=CO[C@@H](O[C@@H]1O[C@H](CO)[C@@H](O)[C@H](O)[C@H]1O)[C@H](C=C)[C@@H]2CC(=O)O,[M-H]-,190.50121
CN1CCC2=CC(=C(C=C2C1CC3=CC=C(C=C3)OC4=C(C=CC(=C4)CC5C6=CC(=C(C=C6CCN5C)OC)OC)O)OC)OC,[M-H]-,259.5963271
C1=C(C=C(C(=C1O)O)O)[C@@H]2[C@H](C(=O)C3=C(C=C(C=C3O2)O)O)O,[M-H]-,162.7311836
C[C@H]1[C@@H]([C@H]([C@H]([C@@H](O1)Oc1c(=O)c2c(cc(cc2oc1c1cc(c(c(c1)O)O)O)O)O)O)O)O,[M-H]-,199.2304703
CC1CCC=C2C1(C3C(CC2=O)OOC3(C)C)C,[M-H]-,156.3044964
CN1CCC2=CC(=C(C=C2C1CC3=CC=C(C=C3)OC)OC4=C(C=CC(=C4)CC5C6=CC(=C(C=C6CCN5C)OC)OC)O)OC,[M-H]-,252.9630806
CN1CCC2=CC(=C(C=C2C1CC3=CC=C(C=C3)OC)OC4=C(C=CC(=C4)CC5C6=CC(=C(C=C6CCN5C)OC)O)O)OC,[M-H]-,232.3328989
CC(=O)c1cc(c(cc1)O)OC,[M-H]-,133.8072462
C1=C([C@H](/C(=C\C)/[C@@H](O1)O[C@@H]1O[C@@H]([C@H]([C@@H]([C@H]1O)O)O)CO)CC(=O)OCCc1cc(c(cc1)O)O)C(=O)OC,[M-H]-,217.9189174
C1C[C@@H](C([C@@H]2CC[C@]3([C@@]4(CC[C@@H]([C@H]4[C@@H](C[C@@H]3[C@@]12C)O)[C@](C)(CCC=C(C)C)O)C)C)(C)C)O,[M-H]-,222.9452048
O1[C@@H]([C@H]([C@@H]([C@H]([C@@H]1O[C@H]1CC[C@]2([C@H](C1(C)C)CC[C@]1([C@@]3(CC[C@]4(CCC(C[C@H]4C3=CC[C@H]21)(C)C)C(=O)O[C@@H]1O[C@@H]([C@H]([C@@H]([C@H]1O)O)O)CO)C)C)C)O[C@@H]1O[C@@H]([C@H]([C@@H]([C@H]1O)O)O)CO)O)O)C(=O)O,[M-H]-,310.4629372
COc1cc(cc(c1)O)/C=C/c1ccc(cc1)O,[M-H]-,166.2594724
CC(C)C1=CC2=CC[C@@H]3[C@@]([C@H]2CC1)(CCC[C@@]3(C)C(=O)O)C,[M-H]-,185.724974
COC(=O)/C=C/c1ccc(cc1)O,[M-H]-,139.4950636
O([C@H]1[C@H](O)[C@@H](O)[C@H](O)[C@H](O1)CO)c1c(c(cc(c1)O)O)C(=O)CCc1ccc(cc1)O,[M-H]-,193.1076928
O[C@]1([C@@H]([C@@]2([C@H](C(CCC2)(C)C)CC1)C)CC[C@@](O)(C=C)C)C,[M-H]-,178.9341998
[C@@H]1(c2cc(c(cc2)O)OC)[C@H](Oc2c(O1)cc(cc2)[C@H]1Oc2c(C(=O)[C@@H]1O)c(cc(c2)O)O)CO,[M-H]-,204.6314812
c1cc(ccc1c1coc2cc(cc(c2c1=O)O)O[C@H]1[C@@H]([C@H]([C@@H]([C@H](O1)CO)O)O)O)O,[M-H]-,213.7592171
CC12CCCC(C1CCC34C2CCC(C3)(C(=C)C4)O)(C)C(=O)O,[M-H]-,179.4199234
C[C@]12CCC3[C@@]4(CCC[C@@]([C@H]4CC[C@@]3(C1)CC2=O)(C)C(=O)O)C,[M-H]-,180.1786757
CCCCCCCC(CC(=O)CCC1=CC(=C(C=C1)O)OC)O,[M-H]-,178.0831722
CCCCCC=CC(=O)CCC1=CC(=C(C=C1)O)OC,[M-H]-,167.2085742
C(CC(=O)C[C@H](CCCCCCCCC)O)c1cc(c(cc1)O)OC,[M-H]-,188.003342
CC(=O)CCc1cc(c(cc1)O)OC,[M-H]-,146.5687285
CCCCC[C@@H](CC(=O)CCc1cc(c(cc1)O)OC)O,[M-H]-,170.0371225
C(CC(=O)CC(=O)CCc1cc(c(cc1)O)OC)c1cc(c(cc1)O)OC,[M-H]-,185.5514588
COC1=C(C(=C2C(=C1)OC(=CC2=O)C3=CC=C(C=C3)O)O)C4C(C(C(C(O4)CO)O)O)OC5C(C(C(C(O5)CO)O)O)O,[M-H]-,239.4051334
CC=CC1=CC(=C(C=C1)O)OC,[M-H]-,138.0229119
COc1cc(cc(c1O)OC)C(=O)O,[M-H]-,148.5875543
CC(=CC(=O)OC1CC2=C(C=C3C(=C2)C=CC(=O)O3)OC1(C)C)C,[M-H]-,180.8228716
O1O[C@]2(O[C@H]3O[C@@H](OC(=O)CCC(=O)O)[C@@H]([C@H]4[C@@]13[C@H]([C@@H](CC4)C)CC2)C)C,[M-H]-,185.7519844
[H][C@]1(F)[C@H](O)[C@@H](CO)O[C@H]1N1C=NC2=C(N)N=C(Cl)N=C12,[M-H]-,162.0307292
CCC(C)(C)C(=O)O[C@H]1C[C@@H](C)C=C2C=C[C@H](C)[C@H](CC[C@@H]3C[C@@H](O)CC(=O)O3)[C@@H]12,[M-H]-,205.7350353
Cc1noc(NS(=O)(=O)c2ccc(N)cc2)c1C,[M-H]-,162.8709906
CC(=O)NC1=NN=C(S1)S(=O)(=O)N,[M-H]-,138.6368465
[C@H]12[C@H]3[C@@H]([C@@]4(C(=CC(=O)C=C4)CC3)C)C(=O)C[C@@]1([C@](CC2)(C(=O)CO)O)C,[M-H]-,191.155606
[C@H]1([C@H]([C@H](O[C@H]2O[C@@H]([C@H](C[C@H]2N)O)CN)[C@H](C[C@H]1N)N)O)O[C@H]1O[C@@H]([C@H]([C@@H]([C@H]1O)N)O)CO,[M-H]-,203.6600884
c12c(ncn1COCCO)c(=O)[nH]c(n2)N,[M-H]-,148.313532
C1(=C(C(=O)c2c(C1=O)cccc2)O)[C@@H]1CC[C@H](CC1)c1ccc(cc1)Cl,[M-H]-,193.5223253
O[C@@H]1CC[C@H](C[C@H]1OC)/C=C(\C)/[C@H]1OC(=O)[C@@H]2CCCCN2C(=O)C(=O)[C@]2(O)O[C@H]([C@H](C[C@@H](C)C/C(=C\[C@@H](CC=C)C(=O)C[C@H](O)[C@H]1C)/C)OC)[C@H](C[C@H]2C)OC,[M-H]-,281.4629114
c1nc2c([nH]1)c(=S)nc([nH]2)N,[M-H]-,128.8564654
C(P(=O)(O)O)O[C@@H](Cn1c(=O)nc(cc1)N)CO,[M-H]-,158.4565593
Oc1ccc(NC(=O)c2ccccc2O)cc1,[M-H]-,150.8785497
OC(=O)c1ccccc1Nc1cccc(c1)C(F)(F)F,[M-H]-,160.6901885
Fc1cn(C2CCCO2)c(=O)[nH]c1=O,[M-H]-,142.3398928
n1(cnc(c1O)C(=O)N)[C@H]1[C@@H]([C@@H]([C@H](O1)CO)O)O,[M-H]-,155.1440377
COc1c(Nc2c3ccccc3nc3ccccc23)ccc(NS(=O)(=O)C)c1,[M-H]-,199.9712525
COc1ccc(C[C@H]2COC(=O)[C@@H]2Cc2ccc(c(c2)OC)O[C@H]2[C@@H]([C@H]([C@@H]([C@@H](CO)O2)O)O)O)cc1OC,[M-H]-,220.5798222
O1[C@@]23[C@H]([C@@H]([C@]45[C@H]2CC[C@](O)(C4)C(=C)C5)C(=O)O)[C@](C1=O)([C@@H](O)C=C3)C,[M-H]-,177.6878343
c1c(ccc(c1O)O)C(=O)Nc1nc(c(s1)c1ccccc1)c1cc(c(cc1)O)O,[M-H]-,200.743078
n1(c(=O)cc(c2cc(ccc12)[C@@](c1cncn1C)(c1ccc(cc1)Cl)N)c1cc(ccc1)Cl)C,[M-H]-,215.6824868
CC1(C=Cc2c(O1)ccc1c2O[C@@H]2COc3cc(c(cc3[C@@H]2C1=O)OC)OC)C,[M-H]-,198.3607868
CC(=O)NNC(=O)C1=CC=NC=C1,[M+H]+,138.3741
CC(=O)NNC(=O)C1=CC=NC=C1,[M-H]-,136.1549696
C(C(C(=O)O)(N=C(C1=C(N)N(C=N1)C2(C(C(C(COP(O)(O)=O)(O2)[H])(O)[H])(O)[H])[H])O)[H])C(=O)O,[M+H]+,188.6583
C(C(C(=O)O)(N=C(C1=C(N)N(C=N1)C2(C(C(C(COP(O)(O)=O)(O2)[H])(O)[H])(O)[H])[H])O)[H])C(=O)O,[M+Na]+,193.63035
C(C(C(=O)O)(N=C(C1=C(N)N(C=N1)C2(C(C(C(COP(O)(O)=O)(O2)[H])(O)[H])(O)[H])[H])O)[H])C(=O)O,[M-H]-,180.7310042
C1C2C(C(C(O2)N3C=NC4=C3N=C(NC4=O)N)O)OP(=O)(OCC5C(C(C(O5)N6C=NC7=C(N=CN=C76)N)O)OP(=O)(O1)O)O,[M+H]+,220.46635
C1C2C(C(C(O2)N3C=NC4=C3N=C(NC4=O)N)O)OP(=O)(OCC5C(C(C(O5)N6C=NC7=C(N=CN=C76)N)O)OP(=O)(O1)O)O,[M+Na]+,227.24565
C1C2C(C(C(O2)N3C=NC4=C3N=C(NC4=O)N)O)OP(=O)(OCC5C(C(C(O5)N6C=NC7=C(N=CN=C76)N)O)OP(=O)(O1)O)O,[M-H]-,224.3697499
C(C(C(=O)O)(NC1=C2C(=NC=N1)N(C=N2)C3(C(C(C(CO)(O3)[H])(O)[H])(O)[H])[H])[H])C(=O)O,[M+H]+,189.87145
C(C(C(=O)O)(NC1=C2C(=NC=N1)N(C=N2)C3(C(C(C(CO)(O3)[H])(O)[H])(O)[H])[H])[H])C(=O)O,[M-H]-,176.6065519
CCC(=C(CC(=C(CC(=C(CC(=C(CCCCC(=O)O)[H])[H])[H])[H])[H])[H])[H])[H],[M+H]+,169.16
CCC(=C(CC(=C(CC(=C(CC(=C(CCCCC(=O)O)[H])[H])[H])[H])[H])[H])[H])[H],[M-H]-,174.5051185
C(CCN)CC(C(=O)O)NC(=O)CCC(C(=O)O)N,[M+H]+,161.65485
C(CCN)CC(C(=O)O)NC(=O)CCC(C(=O)O)N,[M+Na]+,165.58575
C(CCN)CC(C(=O)O)NC(=O)CCC(C(=O)O)N,[M-H]-,163.0132081
C[C@H](CCC(=O)O)[C@H]1CC[C@@H]2[C@@]1(CC[C@H]3[C@H]2CC(=O)[C@@H]4[C@@]3(CC[C@H](C4)O)C)C,[M+H]+,201.0451
C[C@H](CCC(=O)NCC(=O)O)C1CCC2[C@@]1(CCC3C2[C@H]([C@H]([C@H]4[C@@]3(CC[C@H](C4)O)C)O)O)C,[M+H]+,207.88485
C[C@H](CCC(=O)O)[C@H]1CC[C@@H]2[C@@]1(CC[C@H]3[C@H]2C(=O)C[C@H]4[C@@]3(CC[C@H](C4)O)C)C,[M-H]-,199.91117
C[C@H](CCC(=O)O)[C@H]1CC[C@@H]2[C@@]1(C(=O)C[C@H]3[C@H]2C(=O)C[C@H]4[C@@]3(CCC(=O)C4)C)C,[M-H]-,208.4780246
C[C@H](CCC(=O)O)[C@H]1CC[C@@H]2[C@@]1(C(=O)C[C@H]3[C@H]2C(=O)C[C@H]4[C@@]3(CC[C@H](C4)O)C)C,[M+H]+,197.2042
C[C@H](CCC(=O)O)[C@H]1CC[C@@H]2[C@@]1([C@H](C[C@H]3[C@H]2[C@@H](C[C@H]4[C@@]3(CC[C@H](C4)O[C@H]5[C@@H]([C@H]([C@@H]([C@H](O5)C(=O)O)O)O)O)C)O)O)C,[M+H]+,232.75205
C[C@H](CCC(=O)O)[C@H]1CC[C@@H]2[C@@]1([C@H](C[C@H]3[C@H]2[C@@H](C[C@H]4[C@@]3(CC[C@H](C4)O[C@H]5[C@@H]([C@H]([C@@H]([C@H](O5)C(=O)O)O)O)O)C)O)O)C,[M+Na]+,230.49025
C[C@H](CCC(=O)O)[C@H]1CC[C@@H]2[C@@]1([C@H](C[C@H]3[C@H]2[C@@H](C[C@H]4[C@@]3(CC[C@H](C4)O[C@H]5[C@@H]([C@H]([C@@H]([C@H](O5)C(=O)O)O)O)O)C)O)O)C,[M-H]-,222.7790303
C[C@H](CCC(=O)O)[C@H]1CC[C@@H]2[C@@]1([C@H](C[C@H]3[C@H]2CC[C@H]4[C@@]3(CC[C@H](C4)O[C@H]5[C@@H]([C@H]([C@@H]([C@H](O5)C(=O)O)O)O)O)C)O)C,[M+Na]+,229.32865
C[C@H](CCC(=O)O)[C@H]1CC[C@@H]2[C@@]1([C@H](C[C@H]3[C@H]2CC[C@H]4[C@@]3(CC[C@H](C4)O[C@H]5[C@@H]([C@H]([C@@H]([C@H](O5)C(=O)O)O)O)O)C)O)C,[M-H]-,222.2026136
C[C@H](CCC(=O)O)[C@H]1CC[C@@H]2[C@@]1(C(=O)C[C@H]3[C@H]2CC[C@H]4[C@@]3(CC[C@H](C4)O)C)C,[M+H]+,195.50175
[H][C@@]12[C@]([C@](CC[C@@H](O)C3)(C)[C@]3([H])[C@@H](O)[C@H]2O)([H])CC[C@@]4(C)[C@@]1([H])CC[C@]4([H])[C@]([H])(C)CCC(NCC(O)=O)=O,[M+H]+,199.88005
C[C@H](CCC(OC)=O)[C@H]1CC[C@@]2([H])[C@]3([H])C(C[C@]4([H])C[C@H](O)CC[C@]4(C)[C@@]3([H])C[C@H](O)[C@]12C)=O,[M+H]+,201.99985
C[C@H](CCC(OC)=O)[C@H]1CC[C@@]2([H])[C@]3([H])C(C[C@]4([H])C[C@H](O)CC[C@]4(C)[C@@]3([H])C[C@H](O)[C@]12C)=O,[M+Na]+,203.1598
C[C@H](CCC(NCC(O)=O)=O)[C@H]([C@]12C)CC[C@@]1([H])[C@]3([H])C(C[C@]4([H])CC(CC[C@]4(C)[C@@]3([H])CC2=O)=O)=O,[M+H]+,199.70935
C[C@H](CCC(NCC(O)=O)=O)[C@H]([C@]12C)CC[C@@]1([H])[C@]3([H])C(C[C@]4([H])CC(CC[C@]4(C)[C@@]3([H])CC2=O)=O)=O,[M+Na]+,200.63135
C[C@H](CCC(NCC(O)=O)=O)[C@H]([C@]12C)CC[C@@]1([H])[C@]3([H])C(C[C@]4([H])CC(CC[C@]4(C)[C@@]3([H])CC2=O)=O)=O,[M-H]-,200.6691195
C[C@H](CCC(NCCS(=O)(O)=O)=O)[C@H]([C@]12C)CC[C@@]1([H])[C@]3([H])C(C[C@]4([H])CC(CC[C@]4(C)[C@@]3([H])CC2=O)=O)=O,[M+H]+,205.38075
C[C@H](CCC(NCCS(=O)(O)=O)=O)[C@H]([C@]12C)CC[C@@]1([H])[C@]3([H])C(C[C@]4([H])CC(CC[C@]4(C)[C@@]3([H])CC2=O)=O)=O,[M+Na]+,208.86325
C[C@H](CCC(NCCS(=O)(O)=O)=O)[C@H]([C@]12C)CC[C@@]1([H])[C@]3([H])C(C[C@]4([H])CC(CC[C@]4(C)[C@@]3([H])CC2=O)=O)=O,[M-H]-,212.6183407
[H][C@@]12[C@]([C@](CC[C@@H](O)C3)(C)[C@]3([H])[C@@H](O)[C@H]2O)([H])CC[C@@]4(C)[C@@]1([H])CC[C@]4([H])[C@]([H])(C)CCC(NCCS(=O)(O)=O)=O,[M+H]+,210.49055
CC(=O)NCCCNCCCCN,[M+H]+,142.0118
CC(=O)NCCCNCCCCN,[M+Na]+,146.78915
CC(=O)NCCCCNCCCNC(=O)C,[M+H]+,153.514
CC(=O)NCCCCNCCCNC(=O)C,[M+Na]+,158.8491
CC(=O)NCCCCNCCCNC(=O)C,[M-H]-,154.1397078
CC(C)C1=NC(=NC(=C1/C=C/[C@H](C[C@H](CC(=O)O)O)O)C2=CC=C(C=C2)F)N(C)S(=O)(=O)C,[M+H]+,221.849
CC(C)C1=NC(=NC(=C1/C=C/[C@H](C[C@H](CC(=O)O)O)O)C2=CC=C(C=C2)F)N(C)S(=O)(=O)C,[M+Na]+,213.63665
CC(C)C1=NC(=NC(=C1/C=C/[C@H](C[C@H](CC(=O)O)O)O)C2=CC=C(C=C2)F)N(C)S(=O)(=O)C,[M-H]-,218.7290515
CC[C@@H]1[C@@]([C@@H]([C@H](N(C[C@@H](C[C@@]([C@@H]([C@H]([C@@H]([C@H](C(=O)O1)C)O[C@H]2C[C@@]([C@H]([C@@H](O2)C)O)(C)OC)C)O[C@H]3[C@@H]([C@H](C[C@H](O3)C)N(C)C)O)(C)O)C)C)C)O)(C)O,[M-H]-,266.0564028
CC1=NC=CN1CC2CCC3=C(C2=O)C4=CC=CC=C4N3C,[M+Na]+,177.1408
CC1=NC=CN1CC2CCC3=C(C2=O)C4=CC=CC=C4N3C,[M-H]-,171.5428555
CC1=CN=C(S1)NC(=O)C2=C(C3=CC=CC=C3S(=O)(=O)N2C)O,[M+Na]+,185.48055
CC1=CN=C(S1)NC(=O)C2=C(C3=CC=CC=C3S(=O)(=O)N2C)O,[M-H]-,178.0106029
CC1=C2COC(=O)C2=C(C(=C1OC)C/C=C(\C)/CCC(=O)O)O,[M+Na]+,178.41805
CC1=C2COC(=O)C2=C(C(=C1OC)C/C=C(\C)/CCC(=O)O)O,[M-H]-,175.9526041
CCN(CC)CCNC(=O)C1=CC(=C(C=C1OC)N)Cl,[M+Na]+,183.11665
CCN(CC)CCNC(=O)C1=CC(=C(C=C1OC)N)Cl,[M-H]-,177.149359
C1C(C2=CC=CC=C2N(C3=CC=CC=C31)C(=O)N)O,[M+H]+,155.6466
C1C(C2=CC=CC=C2N(C3=CC=CC=C31)C(=O)N)O,[M+Na]+,162.65365
CN1C2=C(NC1=O)N(C(=O)N(C2=O)C)C,[M+H]+,148.0388
CN1C2=C(NC1=O)N(C(=O)N(C2=O)C)C,[M-H]-,141.4916504
CC(C)(C1=CC=C(C=C1)C(CCCN2CCC(CC2)C(C3=CC=CC=C3)(C4=CC=CC=C4)O)O)C(=O)O,[M+Na]+,223.19255
CC(C)(C1=CC=C(C=C1)C(CCCN2CCC(CC2)C(C3=CC=CC=C3)(C4=CC=CC=C4)O)O)C(=O)O,[M-H]-,223.2537505
C(CC(C(=O)O)O)CC(=O)O,[M-H]-,127.0800927
CC(=O)NC1=C(NC(=O)N(C1=O)C)N,[M-H]-,140.1121653
C(CC(=O)C(=O)[O-])C[NH+]=C(N)N,[M+H]+,139.39645
C[C@H](CCCC(C)C(=O)O)[C@H]1CC[C@@H]2[C@@]1(CC[C@H]3[C@H]2CC=C4[C@@]3(CC[C@@H](C4)O)C)C,[M+H]+,213.57185
C[C@H](CCCC(C)C(=O)O)[C@H]1CC[C@@H]2[C@@]1(CC[C@H]3[C@H]2CC=C4[C@@]3(CC[C@@H](C4)O)C)C,[M-H]-,214.4858281
C1CN(CCN1CCOCCO)C2=NC3=CC=CC=C3SC4=CC=CC=C42,[M+Na]+,189.55355
C1CN2C(=NN=C2C(F)(F)F)CN1C(=O)C[C@@H](CC3=CC(=C(C=C3F)F)F)N,[M+H]+,193.5846
C1CN2C(=NN=C2C(F)(F)F)CN1C(=O)C[C@@H](CC3=CC(=C(C=C3F)F)F)N,[M-H]-,181.9326344
CCCC(=O)O[C@H](CC(=O)[O-])C[N+](C)(C)C,[M+H]+,154.68405
CC/C=C\C/C=C\C/C=C\C/C=C\C/C=C\CCCCCC(=O)O,[M+H]+,184.36095
CC/C=C\C/C=C\C/C=C\C/C=C\C/C=C\CCCCCC(=O)O,[M-H]-,191.0654071
CC(C)NCC(COC1=CC=C(C=C1)CC(=O)N)O,[M-H]-,165.5470863
C1CN(CCN1CCOCC(=O)O)C(C2=CC=CC=C2)C3=CC=C(C=C3)Cl,[M+Na]+,196.16335
C1CN(CCN1CCOCC(=O)O)C(C2=CC=CC=C2)C3=CC=C(C=C3)Cl,[M-H]-,195.144403
C[N+](C)(C)[C@@H](CC1=CNC2=CC=CC=C21)C(=O)[O-],[M+H]+,156.7738
C[N+](C)(C)[C@@H](CC1=CNC2=CC=CC=C21)C(=O)[O-],[M+Na]+,160.20635
CC1=CC=C(C=C1)OS(=O)(=O)O,[M-H]-,136.9190238
CC(C)CC(=O)O[C@H](CC(=O)[O-])C[N+](C)(C)C,[M+H]+,160.239
CC(C)CC(=O)O[C@H](CC(=O)[O-])C[N+](C)(C)C,[M+Na]+,173.9523
CCCCCCCCCCCCCCCCC(C(=O)O)O,[M-H]-,180.2811754
C1=CC(=CC=C1C[C@@H](C(=O)O)N)OS(=O)(=O)O,[M-H]-,158.0197727
CCC(=O)OC(CC(=O)[O-])C[N+](C)(C)C,[M+H]+,148.7696
CC(C)C(=O)O[C@H](CC(=O)[O-])C[N+](C)(C)C,[M+H]+,153.76
C/C=C(\C)/C(=O)OC(CC(=O)[O-])C[N+](C)(C)C,[M+H]+,159.3431
C[C@@H](O)CC(=O)O[C@@H](CC([O-])=O)C[N+](C)(C)C,[M+H]+,155.82075
C[C@@H](O)CC(=O)O[C@@H](CC([O-])=O)C[N+](C)(C)C,[M+Na]+,167.68125
CCCCCC(=O)OC(CC(=O)[O-])C[N+](C)(C)C,[M+H]+,167.2721
CCCCCC(=O)OC(CC(=O)[O-])C[N+](C)(C)C,[M+Na]+,181.031
CCCCCCCC(=O)OC(CC(=O)[O-])C[N+](C)(C)C,[M+H]+,179.4465
CCCCCCCC(=O)OC(CC(=O)[O-])C[N+](C)(C)C,[M+Na]+,193.2584
CCCCCCCCCC(=O)O[C@H](CC([O-])=O)C[N+](C)(C)C,[M+H]+,190.5387
CCCCCCCCCC(=O)O[C@H](CC([O-])=O)C[N+](C)(C)C,[M+Na]+,203.41125
CCCCC/C=C\C/C=C\C/C=C\C/C=C\CCCC(=O)O[C@H](CC(=O)[O-])C[N+](C)(C)C,[M+H]+,217.44185
CCCCC/C=C\C/C=C\C/C=C\C/C=C\CCCC(=O)O[C@H](CC(=O)[O-])C[N+](C)(C)C,[M+Na]+,223.3099
CSCCC(NC(=O)C(CC1=CC=CC=C1)NC(=O)CNC(=O)CNC(=O)C(N)CC1=CC=C(O)C=C1)C(O)=O,[M+H]+,229.52615
CSCCC(NC(=O)C(CC1=CC=CC=C1)NC(=O)CNC(=O)CNC(=O)C(N)CC1=CC=C(O)C=C1)C(O)=O,[M+Na]+,226.6905
CSCCC(NC(=O)C(CC1=CC=CC=C1)NC(=O)CNC(=O)CNC(=O)C(N)CC1=CC=C(O)C=C1)C(O)=O,[M-H]-,222.8704056
CC(C)C[C@@H](C(=O)O)NC(=O)[C@H](CC1=CC=CC=C1)NC(=O)CNC(=O)CNC(=O)[C@H](CC2=CC=C(C=C2)O)N,[M+Na]+,230.46405
CN1C=NC2=C(N=CN2[C@@H]2O[C@H](CO)[C@@H](O)[C@H]2O)C1=O,[M+Na]+,173.99015
CCCCCCCCCCCCCC(=O)OC[C@@H](O)COP([O-])(=O)OCC[N+](C)(C)C,[M-H]-,215.9665311
CC(=O)C1=C(O)C=C(O)C=C1O,[M-H]-,128.3537471
O[C@@H]1C[C@@](O)(CC(=O)[C@H]1O)C(O)=O,[M-H]-,131.6503139
CCCCCCCC\C=C/C\C=C/C\C=C/CCCC(O)=O,[M-H]-,183.7385136
CN1C(=O)NC2=C1NC(=O)NC2=O,[M+H]+,138.7523
CC(=O)NC1=CC=C(O[C@@H]2O[C@@H]([C@@H](O)[C@H](O)[C@H]2O)C(O)=O)C=C1,[M+H]+,185.24565
CC(=O)NC1=CC=C(O[C@@H]2O[C@@H]([C@@H](O)[C@H](O)[C@H]2O)C(O)=O)C=C1,[M+Na]+,173.28035
CC(=O)NC1=CC=C(O[C@@H]2O[C@@H]([C@@H](O)[C@H](O)[C@H]2O)C(O)=O)C=C1,[M-H]-,180.0188312
C\C(\C=C\C12OC1(C)CCCC2(C)C)=C/C=C/C(/C)=C/C(O)=O,[M+H]+,177.71185
[H][C@@]1(CC[C@@]2([H])[C@]3([H])[C@H](O)C[C@]4([H])C[C@@H](CC[C@]4(C)[C@@]3([H])CC[C@]12C)OC1O[C@@H]([C@@H](O)[C@H](O)[C@H]1O)C(O)=O)[C@H](C)CCC(O)=O,[M+H]+,236.8921
[H][C@@]1(CC[C@@]2([H])[C@]3([H])[C@H](O)C[C@]4([H])C[C@@H](CC[C@]4(C)[C@@]3([H])CC[C@]12C)OC1O[C@@H]([C@@H](O)[C@H](O)[C@H]1O)C(O)=O)[C@H](C)CCC(O)=O,[M+Na]+,238.0259
[H][C@@]1(CC[C@@]2([H])[C@]3([H])[C@H](O)C[C@]4([H])C[C@@H](CC[C@]4(C)[C@@]3([H])CC[C@]12C)OC1O[C@@H]([C@@H](O)[C@H](O)[C@H]1O)C(O)=O)[C@H](C)CCC(O)=O,[M-H]-,223.9155456
OS(=O)(=O)NC1CCCCC1,[M-H]-,139.1557802
NC(CSC(=S)C(NC(=O)CCC(N)C(O)=O)C(=O)NCC(O)=O)C(O)O,[M+H]+,194.24235
NC(CSC(=S)C(NC(=O)CCC(N)C(O)=O)C(=O)NCC(O)=O)C(O)O,[M+Na]+,192.31335
NC(CSC(=S)C(NC(=O)CCC(N)C(O)=O)C(=O)NCC(O)=O)C(O)O,[M-H]-,185.7263721
NC(CC1=CC(O)=C(C=C1)C1=CC=C(CC(N)C(O)=O)C=C1O)C(O)=O,[M+H]+,183.58935
NC(CC1=CC(O)=C(C=C1)C1=CC=C(CC(N)C(O)=O)C=C1O)C(O)=O,[M+Na]+,185.6356
NC(CC1=CC(O)=C(C=C1)C1=CC=C(CC(N)C(O)=O)C=C1O)C(O)=O,[M-H]-,180.1368525
C[N+](C)(C)[C@@H](CC1=CNC(=S)N1)C([O-])=O,[M+H]+,150.8704
C[N+](C)(C)[C@@H](CC1=CNC(=S)N1)C([O-])=O,[M+Na]+,154.38025
OC(=O)CC[C@H](NC=N)C(O)=O,[M+H]+,134.742
OC(=O)CC[C@H](NC=N)C(O)=O,[M-H]-,131.096371
CC1=C(O)C=C2CCC(C)(CCC(O)=O)OC2=C1C,[M+H]+,158.17265
CC1=C(O)C=C2CCC(C)(CCC(O)=O)OC2=C1C,[M+Na]+,165.5761
CC(C)C[C@H](NC(=O)CC[C@H](N)C(O)=O)C(O)=O,[M+H]+,165.8054
CC(C)C[C@H](NC(=O)CC[C@H](N)C(O)=O)C(O)=O,[M+Na]+,164.4735
CC(C)C[C@H](NC(=O)CC[C@H](N)C(O)=O)C(O)=O,[M-H]-,159.1722561
COC1=C(OS(O)(=O)=O)C=CC(CC(O)=O)=C1,[M-H]-,152.4271567
CC(C)C[C@H](N)C(=O)N[C@@H](CC1=CC=CC=C1)C(O)=O,[M+H]+,169.40765
CC(C)C[C@H](N)C(=O)N[C@@H](CC1=CC=CC=C1)C(O)=O,[M+Na]+,172.5358
CC(C)C[C@H](N)C(=O)N[C@@H](CC1=CC=CC=C1)C(O)=O,[M-H]-,169.2896112
CS(=O)(=O)CC[C@H](N)C(O)=O,[M+H]+,137.07125
CS(=O)(=O)CC[C@H](N)C(O)=O,[M+Na]+,137.9031
CS(=O)(=O)CC[C@H](N)C(O)=O,[M-H]-,133.9477858
CC(=O)NCCC(=O)N[C@H](CC1=CN=CN1)C(O)=O,[M+H]+,159.39525
CC(=O)NCCC(=O)N[C@H](CC1=CN=CN1)C(O)=O,[M+Na]+,162.89925
CC(=O)NCCC(=O)N[C@H](CC1=CN=CN1)C(O)=O,[M-H]-,161.1673657
CC(=O)N[C@@H](CCCNC(N)=O)C(O)=O,[M+Na]+,149.18705
CC(=O)N[C@@H](CCCNC(N)=O)C(O)=O,[M-H]-,147.031258
C[C@H](O)C(=O)N[C@@H](CC1=CC=CC=C1)C(O)=O,[M+Na]+,156.2308
C[C@H](O)C(=O)N[C@@H](CC1=CC=CC=C1)C(O)=O,[M-H]-,154.1175745
CCCCCCCCCCCC(=O)NCC(O)=O,[M-H]-,168.1469151
CC1=CC=C(O[C@@H]2O[C@@H]([C@@H](O)[C@H](O)[C@H]2O)C(O)=O)C=C1,[M-H]-,166.9878823
N[C@@H](CC1=CC=CC=C1)C(=O)N[C@@H](CC1=CC=CC=C1)C(O)=O,[M+H]+,178.13655
N[C@@H](CC1=CC=CC=C1)C(=O)N[C@@H](CC1=CC=CC=C1)C(O)=O,[M+Na]+,173.44245
N[C@@H](CC1=CC=CC=C1)C(=O)N[C@@H](CC1=CC=CC=C1)C(O)=O,[M-H]-,179.0087019
CCCCC[C@H](O)\C=C\[C@@H]1[C@@H](C\C=C/CCCC(O)=O)C=CC1=O,[M+Na]+,188.7727
CCCCC[C@H](O)\C=C\[C@@H]1[C@@H](C\C=C/CCCC(O)=O)C=CC1=O,[M-H]-,188.7731531
NC(CCCCN1C(CO)=CC=C1C=O)C(O)=O,[M+Na]+,163.17645
NC(CCCCN1C(CO)=CC=C1C=O)C(O)=O,[M-H]-,154.8075897
NC1=NC(N)=C2N=C(C(N)=NC2=N1)C1=CC=CC=C1,[M+Na]+,173.95035
NC1=NC(N)=C2N=C(C(N)=NC2=N1)C1=CC=CC=C1,[M-H]-,157.609965
CC(NC(=O)C(N)CC1=CC=C(O)C=C1)C(O)=O,[M+H]+,164.7214
CC(NC(=O)C(N)CC1=CC=C(O)C=C1)C(O)=O,[M+Na]+,160.2318
CC(NC(=O)C(N)CC1=CC=C(O)C=C1)C(O)=O,[M-H]-,152.2217915
NC(CC1=CC=C(O)C=C1)C(=O)NC(CCC(O)=O)C(O)=O,[M+H]+,176.1125
NC(CC1=CC=C(O)C=C1)C(=O)NC(CCC(O)=O)C(O)=O,[M+Na]+,171.99555
NC(CC1=CC=C(O)C=C1)C(=O)NC(CCC(O)=O)C(O)=O,[M-H]-,164.2228863
CCCCC(=O)N(CC1=CC=C(C=C1)C1=CC=CC=C1C1=NNN=N1)[C@@H](C(C)C)C(O)=O,[M+Na]+,211.74275
CCCCC(=O)N(CC1=CC=C(C=C1)C1=CC=CC=C1C1=NNN=N1)[C@@H](C(C)C)C(O)=O,[M-H]-,204.2693563
CCCCC[C@H](O)\C=C\[C@H]1C=CC(=O)[C@@H]1C\C=C/CCCC(O)=O,[M+Na]+,195.44945
CCCCC[C@H](O)\C=C\[C@H]1C=CC(=O)[C@@H]1C\C=C/CCCC(O)=O,[M-H]-,185.8315617
CCCCC[C@@H](/C=C/C=C/C/C=C\CCCC(=O)O)O,[M+Na]+,184.6817
CCCCC[C@@H](/C=C/C=C/C/C=C\CCCC(=O)O)O,[M-H]-,173.8016196
CC(C)CCCCCCCCCCC(O)=O,[M-H]-,161.6733111
CC1=CC2=C(C=C1)N=C3C(=CC=CN3C2=O)C(=O)O,[M+H]+,151.82265
CC1=CC2=C(C=C1)N=C3C(=CC=CN3C2=O)C(=O)O,[M+Na]+,168.5086
CCCCCCCCC[C@H](O)CC(O)=O,[M-H]-,162.6693746
CC(CC(=O)[O-])CC(=O)OC(CC(=O)O)C[N+](C)(C)C,[M+H]+,165.9148
CC(CC(=O)[O-])CC(=O)OC(CC(=O)O)C[N+](C)(C)C,[M-H]-,169.9384713
C[C@H](CCCC(C)C(=O)O)[C@H]1CC[C@@H]2[C@@]1(CC[C@H]3[C@H]2[C@@H](CC4=CC(=O)CC[C@]34C)O)C,[M+H]+,220.19115
C[C@H](CCCC(C)C(=O)O)[C@H]1CC[C@@H]2[C@@]1(CC[C@H]3[C@H]2[C@@H](CC4=CC(=O)CC[C@]34C)O)C,[M+Na]+,204.61135
C[C@H](CCCC(C)C(=O)O)[C@H]1CC[C@@H]2[C@@]1(CC[C@H]3[C@H]2[C@@H](CC4=CC(=O)CC[C@]34C)O)C,[M-H]-,205.1095571
C1=CC=C2C(=C1)C(=C(N2)[C@@H]3[C@H]([C@H]([C@@H]([C@H](O3)CO)O)O)O)C[C@@H](C(=O)O)N,[M+H]+,185.62215
C1=CC=C2C(=C1)C(=C(N2)[C@@H]3[C@H]([C@H]([C@@H]([C@H](O3)CO)O)O)O)C[C@@H](C(=O)O)N,[M+Na]+,186.5241
C1=CC=C2C(=C1)C(=C(N2)[C@@H]3[C@H]([C@H]([C@@H]([C@H](O3)CO)O)O)O)C[C@@H](C(=O)O)N,[M-H]-,179.6223957
NC(CC(O)=O)C(=O)NC(CCC(O)=O)C(O)=O,[M+H]+,158.4403
NC(CC(O)=O)C(=O)NC(CCC(O)=O)C(O)=O,[M+Na]+,158.4338
NC(CC(O)=O)C(=O)NC(CCC(O)=O)C(O)=O,[M-H]-,152.0537269
CCCCCC=CCCC(=O)OC(CC(=O)[O-])C[N+](C)(C)C,[M+H]+,183.206
CCCCCC=CCCC(=O)OC(CC(=O)[O-])C[N+](C)(C)C,[M+Na]+,196.51215
C(CC(=O)O)[C@@H](C(=O)N[C@@H](CCC(=O)O)C(=O)O)N,[M+H]+,161.1778
C(CC(=O)O)[C@@H](C(=O)N[C@@H](CCC(=O)O)C(=O)O)N,[M+Na]+,161.50475
C(CC(=O)O)[C@@H](C(=O)N[C@@H](CCC(=O)O)C(=O)O)N,[M-H]-,155.7556372
NCC(O)=NC(CC1=CC=CC=C1)C(O)=O,[M+H]+,153.8213
NCC(O)=NC(CC1=CC=CC=C1)C(O)=O,[M+Na]+,152.63115
NCC(O)=NC(CC1=CC=CC=C1)C(O)=O,[M-H]-,150.7141768
CC(C)[C@@H](C(=O)O)NC(=O)CN,[M+Na]+,146.8484
CC(C)[C@@H](C(=O)O)NC(=O)CN,[M-H]-,139.2996345
CC(C)C[C@@H](C(=O)N[C@@H](CC(C)C)C(=O)O)N,[M+H]+,167.4448
CC(C)C[C@@H](C(=O)N[C@@H](CC(C)C)C(=O)O)N,[M+Na]+,173.0363
CC(C)C[C@@H](C(=O)N[C@@H](CC(C)C)C(=O)O)N,[M-H]-,165.1687718
[H]\C(CCCCC)=C(/[H])C\C([H])=C(\[H])CCCCCCCC(O)=N,[M+H]+,185.5555
O[C@@H](COP(OCC[N+](C)(C)C)([O-])=O)COC(CCCCCCC/C=C\C/C=C\CCCCC)=O,[M-H]-,223.9520612
CCCCCCCC/C=C\CCCCCCCC(=O)OC[C@H](COP(=O)(O)OCCN)O,[M+H]+,216.511
CCCCCCCC/C=C\CCCCCCCC(=O)OC[C@H](COP(=O)(O)OCCN)O,[M+Na]+,223.10065
CCCCCCCC/C=C\CCCCCCCC(=O)OC[C@H](COP(=O)(O)OCCN)O,[M-H]-,214.5401302
CC1=CC=CC(C)=C1NC(CNCC)=O,[M+H]+,152.14155
CC1=CC=CC(C)=C1NC(CNCC)=O,[M+Na]+,158.0809
CC1=CC=CC(C)=C1NC(CNCC)=O,[M-H]-,149.5062719
CCCCCCCCCCCCCC(=O)OC(CC(=O)[O-])C[N+](C)(C)C,[M+H]+,207.3287
CCCCCCCCCCCCCC(=O)OC(CC(=O)[O-])C[N+](C)(C)C,[M+Na]+,215.13855
CC(=O)NCCCN1CCCC1=O,[M+H]+,137.4594
CC(=O)NCCCN1CCCC1=O,[M+Na]+,146.7307
CCCCCCCC/C=C\CCCCCCCC(=O)N,[M+H]+,187.70065
CCCCCCCCCCCCCCCC(=O)N,[M+H]+,181.7034
C1=CC=C(C=C1)OS(=O)(=O)O,[M-H]-,129.5500938
N[C@@H](CC1=CC=CC=C1)C(=O)N[C@@H](CC1=CNC2=CC=CC=C12)C(O)=O,[M+H]+,183.90905
N[C@@H](CC1=CC=CC=C1)C(=O)N[C@@H](CC1=CNC2=CC=CC=C12)C(O)=O,[M+Na]+,178.44965
N[C@@H](CC1=CC=CC=C1)C(=O)N[C@@H](CC1=CNC2=CC=CC=C12)C(O)=O,[M-H]-,187.5007486
C[C@@H]([C@H]1CC[C@@H]2[C@@]1(CC[C@H]3[C@H]2CC[C@H]4[C@@]3(CC[C@H](C4)O[C@H]5[C@@H]([C@H]([C@@H]([C@H](O5)C(=O)O)O)O)O)C)C)O,[M+Na]+,213.90335
C[C@@H]([C@H]1CC[C@@H]2[C@@]1(CC[C@H]3[C@H]2CC[C@H]4[C@@]3(CC[C@H](C4)O[C@H]5[C@@H]([C@H]([C@@H]([C@H](O5)C(=O)O)O)O)O)C)C)O,[M-H]-,214.9010641
C1C[C@H](NC1)C(=O)N2C[C@@H](C[C@H]2C(=O)O)O,[M+H]+,151.73285
C1C[C@H](NC1)C(=O)N2C[C@@H](C[C@H]2C(=O)O)O,[M+Na]+,160.5896
C1C[C@H](NC1)C(=O)N2C[C@@H](C[C@H]2C(=O)O)O,[M-H]-,152.5031217
CCCCC[C@@H](/C=C/C1=C(C(=O)CC1)C/C=C\CCCC(=O)O)O,[M+H]+,193.8355149
CCCCC[C@@H](/C=C/C1=C(C(=O)CC1)C/C=C\CCCC(=O)O)O,[M+Na]+,205.6569
CCCCC[C@@H](/C=C/C1=C(C(=O)CC1)C/C=C\CCCC(=O)O)O,[M-H]-,185.2385772
C[C@H](NC(=O)[C@@H](N)CO)C(O)=O,[M+H]+,140.43155
C[C@H](NC(=O)[C@@H](N)CO)C(O)=O,[M+Na]+,141.53055
C[C@H](NC(=O)[C@@H](N)CO)C(O)=O,[M-H]-,136.0360982
CCCCC(=O)O[C@H](CC([O-])=O)C[N+](C)(C)C,[M+H]+,161.086
CCCCC(=O)O[C@H](CC([O-])=O)C[N+](C)(C)C,[M+Na]+,174.92475
C1=CN=C(C=N1)CN,[M+H]+,118.8599
C[C@@H](C(=O)NCC(=O)O)N,[M-H]-,132.9050815
C1=C(NC=N1)C[C@@H](C(=O)NCC(=O)O)N,[M+H]+,146.1472
C1=C(NC=N1)C[C@@H](C(=O)NCC(=O)O)N,[M+Na]+,146.8628
C1=C(NC=N1)C[C@@H](C(=O)NCC(=O)O)N,[M-H]-,143.8234339
CC(=O)N[C@@H](CCCN=C(N)N)C(=O)O,[M+H]+,149.86915
CC(=O)N[C@@H](CCCN=C(N)N)C(=O)O,[M+Na]+,161.53845
CC(=O)N[C@@H](CCCN=C(N)N)C(=O)O,[M-H]-,148.1294935
C1C[C@H](N(C1)C(=O)[C@H](CC2=CC=CC=C2)N)C(=O)O,[M+H]+,162.51665
C1C[C@H](N(C1)C(=O)[C@H](CC2=CC=CC=C2)N)C(=O)O,[M+Na]+,161.58015
C1C[C@H](N(C1)C(=O)[C@H](CC2=CC=CC=C2)N)C(=O)O,[M-H]-,162.7230821
C1=CC=C2C(=C1)C(=CN2)C[C@@H](C(=O)N[C@@H](CCC(=O)O)C(=O)O)N,[M+H]+,181.5058
C1=CC=C2C(=C1)C(=CN2)C[C@@H](C(=O)N[C@@H](CCC(=O)O)C(=O)O)N,[M+Na]+,175.26025
C1=CC=C2C(=C1)C(=CN2)C[C@@H](C(=O)N[C@@H](CCC(=O)O)C(=O)O)N,[M-H]-,173.5747287
C1=C(C=C(C=C1O)O)CO,[M-H]-,126.3157011
C1=CC=C2C(=C1)C(=CN2)/C=C/C(=O)O,[M+H]+,136.55235
C1=CC2=C(C=CN2)C=C1O,[M+H]+,124.71215
COC1=C(C=C2C(=C1)CC(C2=O)CC3CCNCC3)OC,[M+H]+,174.5868
COC1=C(C=C2C(=C1)CC(C2=O)CC3CCNCC3)OC,[M+Na]+,182.41365
C(COCCOCCOCCOCCOCCOCCOCCOCCO)O,[M-H]-,192.6420108
COC1=C(C(=NC=C1)CSC2=NC3=C(N2)C=C(C=C3)OC(F)F)OC,[M+H]+,184.5215
COC1=C(C(=NC=C1)CSC2=NC3=C(N2)C=C(C=C3)OC(F)F)OC,[M+Na]+,190.8097
COC1=C(C(=NC=C1)CSC2=NC3=C(N2)C=C(C=C3)OC(F)F)OC,[M-H]-,183.8597773
C(CCC/C=C/C(=O)O)CCCO,[M-H]-,146.010693
C(COCCOCCOCCO)O,[M+Na]+,141.3096
CC[C@@]12CCCN3[C@@H]1C4=C(CC3)C5=CC=CC=C5N4C(=C2)C(=O)OCC,[M+H]+,188.7113
CC(C)CC(C)(C1=CC=C(C=C1)O)C2=CC=C(C=C2)O,[M-H]-,174.9816797
CC1=CC(=C(C(=C1O)C)C)C2=C(C(=C(C(=C2)C)O)C)C,[M-H]-,176.7135113
CCNC(=O)CC[C@@H](C(=O)O)N,[M+H]+,139.42855
CCNC(=O)CC[C@@H](C(=O)O)N,[M+Na]+,142.0423
CCNC(=O)CC[C@@H](C(=O)O)N,[M-H]-,138.0890553
CCN(CC)CC(=O)NC1=C(C=CC=C1C)C,[M+Na]+,166.45955
CCN(CC)CC(=O)NC1=C(C=CC=C1C)C,[M-H]-,157.9337359
C(CCCCCCCC(=O)O)CCCCCCC(=O)O,[M-H]-,173.2832983
CC1=CC=C(C=C1)S(=O)(=O)O,[M-H]-,134.4805784
CC[C@@H](C(=O)N)N1CCCC1=O,[M+Na]+,144.17855
C[N+]1(CCC[C@H]1C(=O)[O-])C,[M+H]+,126.9719
C[N+]1(CCC[C@H]1C(=O)[O-])C,[M+Na]+,139.5829
CC(=O)NC[C@H]1CN(C(=O)O1)C2=CC(=C(C=C2)N3CCOCC3)F,[M+H]+,182.4708
CC(=O)NC[C@H]1CN(C(=O)O1)C2=CC(=C(C=C2)N3CCOCC3)F,[M+Na]+,193.86865
C1=CC=C2C(=C1)C(=CN2)C=O,[M+H]+,129.51935
C1=CC=C2C(=C1)C(=CN2)C=O,[M-H]-,124.5809674
C(CCN=C(N)N)C[C@@H](C(=O)O)N,[M+H]+,140.56125
C(CCN=C(N)N)C[C@@H](C(=O)O)N,[M+Na]+,152.4961
C(CCN=C(N)N)C[C@@H](C(=O)O)N,[M-H]-,140.8108589
CC(=O)N[C@@H](CC1=CN=CN1)C(=O)O,[M+H]+,142.35565
CC(=O)N[C@@H](CC1=CN=CN1)C(=O)O,[M+Na]+,145.89645
CC(=O)N[C@@H](CC1=CN=CN1)C(=O)O,[M-H]-,141.1865302
C(CCNC(=O)N)C[C@@H](C(=O)O)N,[M+H]+,141.9596
C(CCNC(=O)N)C[C@@H](C(=O)O)N,[M+Na]+,144.43205
C(CCNC(=O)N)C[C@@H](C(=O)O)N,[M-H]-,139.9241212
CCC1C(C(=O)NC1CC2=NC(=CC3=C(C(=C(N3)CC4C(C(C(=O)N4)CC)C)C)CCC(=O)O)C(=C2C)CCC(=O)O)C,[M+H]+,234.739
CCC1C(C(=O)NC1CC2=NC(=CC3=C(C(=C(N3)CC4C(C(C(=O)N4)CC)C)C)CCC(=O)O)C(=C2C)CCC(=O)O)C,[M+Na]+,229.6009
CCC1C(C(=O)NC1CC2=NC(=CC3=C(C(=C(N3)CC4C(C(C(=O)N4)CC)C)C)CCC(=O)O)C(=C2C)CCC(=O)O)C,[M-H]-,244.264901
C1=C(N=C(S1)N=C(N)N)CSCC/C(=N/S(=O)(=O)N)/N,[M+Na]+,174.79495
C1=C(N=C(S1)N=C(N)N)CSCC/C(=N/S(=O)(=O)N)/N,[M-H]-,168.4966374
COC1=CC=CC=C1OCC(CO)O,[M+H]+,140.6156
COC1=CC=CC=C1OCC(CO)O,[M+Na]+,147.12255
CC1=CN=C(C=N1)C(=O)NCCC2=CC=C(C=C2)S(=O)(=O)NC(=O)NC3CCCCC3,[M+Na]+,210.5101
CC1=CN=C(C=N1)C(=O)NCCC2=CC=C(C=C2)S(=O)(=O)NC(=O)NC3CCCCC3,[M-H]-,201.9703686
CN(C)CCCCC(N)C(O)=O,[M+H]+,135.68445
CN(C)CCCCC(N)C(O)=O,[M+Na]+,149.9054
CN(C)CCCCC(N)C(O)=O,[M-H]-,146.9059182
C=CCCCCCCCCC(=O)O,[M-H]-,149.6650511
C1=COC(=C1)CNC2=CC(=C(C=C2C(=O)O)S(=O)(=O)N)Cl,[M-H]-,172.7928504
C1=CC=C2C(=C1)C(=C(N2)C3=NC4=CC=CC=C4C3=O)O,[M+H]+,156.73305
C1=CC=C2C(=C1)C(=C(N2)C3=NC4=CC=CC=C4C3=O)O,[M+Na]+,170.08295
C1=CC=C2C(=C1)C(=C(N2)C3=NC4=CC=CC=C4C3=O)O,[M-H]-,159.4775859
CCCCC[C@@H](C(=O)O)N,[M-H]-,137.8334801
CCCCCCC(C(=O)O)O,[M-H]-,141.5247154
C1=CC=C(C=C1)O[C@H]2[C@@H]([C@H]([C@H]([C@H](O2)CO)O)O)O,[M+Na]+,162.0033
C1=CC=C(C=C1)O[C@H]2[C@@H]([C@H]([C@H]([C@H](O2)CO)O)O)O,[M-H]-,174.8280904
C[C@@H]1[C@H]2[C@@H]([C@H]3[C@@H](C(=O)C(=C([C@]3(C(=O)C2=C(C4=C1C=CC=C4O)O)O)O)C(=O)N)N(C)C)O,[M-H]-,197.5057049
C(CC(=O)N[C@@H](CCC(=O)N)C(=O)O)[C@@H](C(=O)O)N,[M+H]+,161.4579
C(CC(=O)N[C@@H](CCC(=O)N)C(=O)O)[C@@H](C(=O)O)N,[M+Na]+,162.2785
C(CC(=O)N[C@@H](CCC(=O)N)C(=O)O)[C@@H](C(=O)O)N,[M-H]-,156.7271764
CC(=O)NC1=C(C=CC(=C1)O)O,[M+H]+,133.72025
CC(=O)NC1=C(C=CC(=C1)O)O,[M-H]-,131.6900918
CN1C(N)=NC2=C(NC=N2)C1=O,[M+H]+,132.6765
CN1C(N)=NC2=C(NC=N2)C1=O,[M+Na]+,140.826
CN1C(N)=NC2=C(NC=N2)C1=O,[M-H]-,129.7308404
CCCCCCCCCCCCCCCCOC[C@H](COP(=O)([O-])OCC[N+](C)(C)C)O,[M-H]-,220.196733
OC(=O)C1=C(O)C=CC=C1O,[M-H]-,121.2185911
CC1=NC2=CC=CC=C2NC1=O,[M+H]+,130.9525
CC1=NC2=CC=CC=C2NC1=O,[M-H]-,130.9191473
CCC(C)C(=O)NCC(O)=O,[M-H]-,139.5552661
CC1=C(C=CC=N1)C(N)=O,[M+H]+,126.93455
O=C1CCCCN1,[M+H]+,118.6876
COC1=C(C(=C(C=C1)CCC(=O)O)OC)OC,[M+Na]+,156.5241
COC1=C(C(=C(C=C1)CCC(=O)O)OC)OC,[M-H]-,163.4947164
CCCCCCC[C@H](O)CC(O)=O,[M-H]-,154.7393734
OC(=O)CC1=CN=CC=C1,[M+H]+,127.94585
CC1=CC(=NC=C1)C2=NC=CC(=C2)CCCC(=O)O,[M+H]+,161.29555
CC1=CC(=NC=C1)C2=NC=CC(=C2)CCCC(=O)O,[M+Na]+,166.9148
CC1=CC(=NC=C1)C2=NC=CC(=C2)CCCC(=O)O,[M-H]-,172.3127206
O=C1N=CN=C2NNC=C12,[M-H]-,120.1395509
CCCCCCCCCCCCCCCC(=O)OCC(O)C1OC(=O)C(O)=C1O,[M+Na]+,208.0642
CCCCCCCCCCCCCCCC(=O)OCC(O)C1OC(=O)C(O)=C1O,[M-H]-,201.2859219
NC(=N)NCCC(O)=O,[M+H]+,125.8386
OC(=O)CCCCCCCCCCC(O)=O,[M-H]-,153.9247445
CC(C)C1(C)NC(=NC1=O)C1=C(C=CC(C)=C1)C(O)=O,[M+H]+,164.38805
CC(C)C1(C)NC(=NC1=O)C1=C(C=CC(C)=C1)C(O)=O,[M+Na]+,175.40855
CC(C)C1(C)NC(=NC1=O)C1=C(C=CC(C)=C1)C(O)=O,[M-H]-,167.9878451
OC(=O)CCC1=CNC2=C1C=CC=C2,[M+H]+,139.35315
OC(=O)CCC1=CNC2=C1C=CC=C2,[M-H]-,138.158027
CC(C)[C@H](NC(C)=O)C(O)=O,[M-H]-,135.0028908
CCCCCCCC(=O)NCC(O)=O,[M+Na]+,162.5293
CCCCCCCC(=O)NCC(O)=O,[M-H]-,156.6404664
C1CNC(C1)C1=CC=CN=C1,[M+H]+,132.18805
OP(=O)(O)O,[M+H]+,128.7921
OP(O)(=O)OP(O)(O)=O,[M-H]-,117.7749784
CCCC(CCC)C(O)=O,[M-H]-,136.703955
C1=CC=C(C=C1)C2=CC=CC=C2O,[M-H]-,135.9900269
COC1=CC(=C(C=C1)OC)CCC(=O)O,[M-H]-,151.9748495
COC1=CC=CC(=C1)CCC(=O)O,[M-H]-,143.7866625
C1=CC=C(C=C1)C2=CC(=CC=C2)O,[M-H]-,139.4569125
CC1=CC(=O)NC2=CC=CC=C12,[M+H]+,129.9643
CC1=CC(=O)NC2=CC=CC=C12,[M-H]-,133.1774229
CCCC(=O)CCCC(=O)O,[M-H]-,138.935196
C1CCC(=O)NCC1,[M+H]+,122.55695
C(CO)N(CCO)CCO,[M+H]+,129.22145
C(CO)N(CCO)CCO,[M+Na]+,131.42655
CCN(CC)C(=O)C1=CC=CC(=C1)C,[M+Na]+,160.75585
C(C(=O)NCC(=O)O)N,[M-H]-,127.7639021
COC1=C(C=C2C(=C1)CC(C2=O)CC3CCN(CC3)CC4=CC=CC=C4)OC,[M+Na]+,203.265
C(COCCOCCOCCOCCOCCO)O,[M+H]+,156.64185
C(COCCOCCOCCOCCOCCO)O,[M+Na]+,159.53385
C(COCCOCCOCCOCCO)O,[M+H]+,147.8246
C(COCCOCCOCCOCCO)O,[M+Na]+,150.30315
C1=C(C=C(C(=C1O)C=O)O)O,[M+H]+,128.2517
C1=C(C=C(C(=C1O)C=O)O)O,[M-H]-,123.7112711
C1C2=CC=CC=C2C(=O)O1,[M+H]+,125.4221
C1=CC(=C(C(=C1)O)O)O,[M+Na]+,130.0312
CC1=C(C=CN=C1CSC2=NC3=CC=CC=C3N2)OCCCOC,[M+H]+,187.95185
CC1=C(C=CN=C1CSC2=NC3=CC=CC=C3N2)OCCCOC,[M+Na]+,193.333
CC1=C(C=CN=C1CSC2=NC3=CC=CC=C3N2)OCCCOC,[M-H]-,180.0086215
C=CCOC1=NC(=NC(=N1)OCC=C)OCC=C,[M+H]+,154.13885
C1CCC(CC1)NC(=O)NC2CCCCC2,[M+H]+,160.63465
C1CCC(CC1)NC(=O)NC2CCCCC2,[M-H]-,163.7446521
C1C2(C(C(C(N3C=NC4=C(C3=N)N=CN4C5(C(C(C(COP(O)(=O)OP(O)(=O)O1)(O5)[H])(O)[H])(O)[H])[H])(O2)[H])(O)[H])(O)[H])[H],[M+H]+,199.3246018
C1C2C(C(C(O2)N3C=NC4=C3N=C(NC4=O)N)O)OP(=O)(OCC5C(C(C(O5)N6C=NC7=C(N=CN=C76)N)O)OP(=O)(O1)O)O,[M+H]+,220.2267982
C1C2C(C(C(O2)N3C=NC4=C3N=C(NC4=O)N)O)OP(=O)(OCC5C(C(C(O5)N6C=NC7=C(N=CN=C76)N)O)OP(=O)(O1)O)O,[M-H]-,227.5982894
C(C(C(=O)O)(NC1=C2C(=NC=N1)N(C=N2)C3(C(C(C(CO)(O3)[H])(O)[H])(O)[H])[H])[H])C(=O)O,[M+H]+,190.2294436
C(C(C(=O)O)(NC1=C2C(=NC=N1)N(C=N2)C3(C(C(C(CO)(O3)[H])(O)[H])(O)[H])[H])[H])C(=O)O,[M-H]-,177.0882377
CCC(=C(CC(=C(CC(=C(CC(=C(CCCCC(=O)O)[H])[H])[H])[H])[H])[H])[H])[H],[M+H]+,170.009804
CCC(=C(CC(=C(CC(=C(CC(=C(CCCCC(=O)O)[H])[H])[H])[H])[H])[H])[H])[H],[M+Na]+,171.6348942
CCC(=C(CC(=C(CC(=C(CC(=C(CCCCC(=O)O)[H])[H])[H])[H])[H])[H])[H])[H],[M-H]-,173.6406093
CCCCCC(=C(CC(=C(CC(=C(CCCCCCC(=O)O)[H])[H])[H])[H])[H])[H],[M+H]+,185.2493969
C(CCN)CC(C(=O)O)NC(=O)CCC(C(=O)O)N,[M+H]+,162.3680061
C(CCN)CC(C(=O)O)NC(=O)CCC(C(=O)O)N,[M+Na]+,166.4242666
C(CCN)CC(C(=O)O)NC(=O)CCC(C(=O)O)N,[M-H]-,163.8947235
CCCCCCCC(=O)OC1=CC2=CC=CC=C2C=C1,[M+Na]+,184.2589318
C[C@H](CCC(=O)O)[C@H]1CC[C@@H]2[C@@]1(CC[C@H]3[C@H]2[C@@H]([C@@H]([C@H]4[C@@]3(CC[C@H](C4)O)C)O)O)C,[M+H]+,205.1503836
C[C@H](CCC(=O)O)[C@H]1CC[C@@H]2[C@@]1(CC[C@H]3[C@H]2CC(=O)[C@@H]4[C@@]3(CC[C@H](C4)O)C)C,[M+H]+,202.4464222
C[C@H](CCC(=O)NCC(=O)O)C1CCC2[C@@]1(CCC3C2[C@H]([C@H]([C@H]4[C@@]3(CC[C@H](C4)O)C)O)O)C,[M+H]+,205.9951241
C[C@H](CCC(=O)NCCS(=O)(=O)O)[C@H]1CC[C@@H]2[C@@]1(CC[C@H]3[C@H]2[C@H]([C@H]([C@H]4[C@@]3(CC[C@H](C4)O)C)O)O)C,[M+H]+,213.5520111
C[C@H](CCC(=O)O)[C@H]1CC[C@@H]2[C@@]1([C@H](C[C@H]3[C@H]2[C@@H](C[C@H]4[C@@]3(CC[C@H](C4)O)C)OS(=O)(=O)O)O)C,[M+Na]+,211.1381884
C[C@H](CC(=O)O)[C@H]1CC[C@@H]2[C@@]1([C@H](C[C@H]3[C@H]2CC[C@H]4[C@@]3(CC[C@H](C4)O)C)O)C,[M+H]+,198.9245489
C[C@H](CCC(=O)O)[C@H]1CC[C@@H]2[C@@]1(CC[C@H]3[C@H]2[C@H]([C@@H]([C@H]4[C@@]3(CC[C@H](C4)O)C)O)O)C,[M+H]+,218.3992479
C[C@H](CCC(=O)O)[C@H]1CC[C@@H]2[C@@]1(CC[C@H]3[C@H]2CC[C@H]4[C@@]3(CCC(=O)C4)C)C,[M+H]+,198.270692
C[C@H](CCC(=O)O)[C@H]1CC[C@@H]2[C@@]1(CC[C@H]3[C@H]2C(=O)C[C@H]4[C@@]3(CC[C@H](C4)O)C)C,[M+H]+,200.0622605
C[C@H](CCC(=O)O)[C@H]1CC[C@@H]2[C@@]1(CC[C@H]3[C@H]2C(=O)C[C@H]4[C@@]3(CC[C@H](C4)O)C)C,[M+Na]+,202.2934221
C[C@H](CCC(=O)O)[C@H]1CC[C@@H]2[C@@]1(CC[C@H]3[C@H]2C(=O)C[C@H]4[C@@]3(CC[C@H](C4)O)C)C,[M-H]-,202.6887644
C[C@H](CCC(=O)O)[C@H]1CC[C@@H]2[C@@]1(C(=O)C[C@H]3[C@H]2C(=O)C[C@H]4[C@@]3(CCC(=O)C4)C)C,[M+H]+,196.9643543
C[C@H](CCC(=O)O)[C@H]1CC[C@@H]2[C@@]1(C(=O)C[C@H]3[C@H]2C(=O)C[C@H]4[C@@]3(CCC(=O)C4)C)C,[M-H]-,209.5288362
C[C@H](CCC(=O)O)[C@H]1CC[C@@H]2[C@@]1(C(=O)C[C@H]3[C@H]2C(=O)C[C@H]4[C@@]3(CC[C@H](C4)O)C)C,[M+H]+,198.3820984
C[C@H](CCC(=O)O)[C@H]1CC[C@@H]2[C@@]1([C@H](C[C@H]3[C@H]2C(=O)C[C@H]4[C@@]3(CC[C@H](C4)O)C)O)C,[M+H]+,201.1454895
C[C@H](CCC(=O)O)[C@H]1CC[C@@H]2[C@@]1([C@H](C[C@H]3[C@H]2[C@@H](C[C@H]4[C@@]3(CC[C@H](C4)O[C@H]5[C@@H]([C@H]([C@@H]([C@H](O5)C(=O)O)O)O)O)C)O)O)C,[M+H]+,235.4542452
C[C@H](CCC(=O)O)[C@H]1CC[C@@H]2[C@@]1([C@H](C[C@H]3[C@H]2[C@@H](C[C@H]4[C@@]3(CC[C@H](C4)O[C@H]5[C@@H]([C@H]([C@@H]([C@H](O5)C(=O)O)O)O)O)C)O)O)C,[M+Na]+,230.1385694
C[C@H](CCC(=O)O)[C@H]1CC[C@@H]2[C@@]1([C@H](C[C@H]3[C@H]2[C@@H](C[C@H]4[C@@]3(CC[C@H](C4)O[C@H]5[C@@H]([C@H]([C@@H]([C@H](O5)C(=O)O)O)O)O)C)O)O)C,[M-H]-,224.708925
C[C@H](CCC(=O)O)[C@H]1CC[C@@H]2[C@@]1([C@H](C[C@H]3[C@H]2CC[C@H]4[C@@]3(CC[C@H](C4)O[C@H]5[C@@H]([C@H]([C@@H]([C@H](O5)C(=O)O)O)O)O)C)O)C,[M+H]+,232.8358094
C[C@H](CCC(=O)O)[C@H]1CC[C@@H]2[C@@]1([C@H](C[C@H]3[C@H]2CC[C@H]4[C@@]3(CC[C@H](C4)O[C@H]5[C@@H]([C@H]([C@@H]([C@H](O5)C(=O)O)O)O)O)C)O)C,[M+Na]+,230.1732577
C[C@H](CCC(=O)O)[C@H]1CC[C@@H]2[C@@]1([C@H](C[C@H]3[C@H]2CC[C@H]4[C@@]3(CC[C@H](C4)O[C@H]5[C@@H]([C@H]([C@@H]([C@H](O5)C(=O)O)O)O)O)C)O)C,[M-H]-,224.2385235
C[C@H](CCC(=O)O)[C@H]1CC[C@@H]2[C@@]1(C(=O)C[C@H]3[C@H]2CC[C@H]4[C@@]3(CC[C@H](C4)O)C)C,[M+H]+,196.745166
C[C@H](CCC(=O)O)[C@H]1CCC2=C3CC[C@@H]4C[C@@H](CC[C@@]4([C@H]3C[C@@H]([C@]12C)O)C)O,[M+H]+,203.5866734
[H][C@@]12[C@]([C@](CC[C@@H](O)C3)(C)[C@]3([H])[C@@H](O)[C@H]2O)([H])CC[C@@]4(C)[C@@]1([H])CC[C@]4([H])[C@]([H])(C)CCC(NCC(O)=O)=O,[M+H]+,201.149393
C[C@H](CCC(=O)O)[C@H]1CC[C@@H]2[C@@]1(CC[C@H]3[C@H]2CC(=O)[C@@H]4[C@@]3(CCC(=O)C4)C)C,[M+H]+,205.5917423
C[C@H](CCC(OC)=O)[C@H]1CC[C@@]2([H])[C@]3([H])C(C[C@]4([H])C[C@H](O)CC[C@]4(C)[C@@]3([H])C[C@H](O)[C@]12C)=O,[M+H]+,204.2392963
C[C@H](CCC(OC)=O)[C@H]1CC[C@@]2([H])[C@]3([H])C(C[C@]4([H])C[C@H](O)CC[C@]4(C)[C@@]3([H])C[C@H](O)[C@]12C)=O,[M+Na]+,200.4128136
C[C@H](CCC(OC)=O)[C@H]1CC[C@@]2([H])[C@]3([H])C(C[C@]4([H])C[C@H](O)CC[C@]4(C)[C@@]3([H])C[C@H](O)[C@]12C)=O,[M-H]-,212.9578132
C[C@H](CCC(NCC(O)=O)=O)[C@H]([C@]12C)CC[C@@]1([H])[C@]3([H])C(C[C@]4([H])CC(CC[C@]4(C)[C@@]3([H])CC2=O)=O)=O,[M+H]+,203.1838816
C[C@H](CCC(NCC(O)=O)=O)[C@H]([C@]12C)CC[C@@]1([H])[C@]3([H])C(C[C@]4([H])CC(CC[C@]4(C)[C@@]3([H])CC2=O)=O)=O,[M+Na]+,201.0640256
C[C@H](CCC(NCC(O)=O)=O)[C@H]([C@]12C)CC[C@@]1([H])[C@]3([H])C(C[C@]4([H])CC(CC[C@]4(C)[C@@]3([H])CC2=O)=O)=O,[M-H]-,202.1779768
C[C@H](CCC(NCCS(=O)(O)=O)=O)[C@H]([C@]12C)CC[C@@]1([H])[C@]3([H])C(C[C@]4([H])CC(CC[C@]4(C)[C@@]3([H])CC2=O)=O)=O,[M+H]+,206.2119906
C[C@H](CCC(NCCS(=O)(O)=O)=O)[C@H]([C@]12C)CC[C@@]1([H])[C@]3([H])C(C[C@]4([H])CC(CC[C@]4(C)[C@@]3([H])CC2=O)=O)=O,[M+Na]+,209.6888803
C[C@H](CCC(NCCS(=O)(O)=O)=O)[C@H]([C@]12C)CC[C@@]1([H])[C@]3([H])C(C[C@]4([H])CC(CC[C@]4(C)[C@@]3([H])CC2=O)=O)=O,[M-H]-,214.5648725
[H][C@@]12[C@]([C@](CC[C@@H](O)C3)(C)[C@]3([H])[C@@H](O)[C@H]2O)([H])CC[C@@]4(C)[C@@]1([H])CC[C@]4([H])[C@]([H])(C)CCC(NCCS(=O)(O)=O)=O,[M+H]+,209.3364923
CC(=O)NCCCNCCCCN,[M+H]+,142.6426521
CC(=O)NCCCNCCCCN,[M+Na]+,147.4293766
CC(=O)NCCCNCCCCN,[M-H]-,146.072193
CC(=O)NCCCCNCCCNC(=O)C,[M+H]+,154.203072
CC(=O)NCCCCNCCCNC(=O)C,[M+Na]+,159.3832038
CC(=O)NCCCCNCCCNC(=O)C,[M-H]-,155.0196318
C=CC1=CC=C(C=C1)O,[M-H]-,121.6448066
CC(C)C1=NC(=NC(=C1/C=C/[C@H](C[C@H](CC(=O)O)O)O)C2=CC=C(C=C2)F)N(C)S(=O)(=O)C,[M+H]+,221.5627997
CC(C)C1=NC(=NC(=C1/C=C/[C@H](C[C@H](CC(=O)O)O)O)C2=CC=C(C=C2)F)N(C)S(=O)(=O)C,[M+Na]+,213.7871595
CC(C)C1=NC(=NC(=C1/C=C/[C@H](C[C@H](CC(=O)O)O)O)C2=CC=C(C=C2)F)N(C)S(=O)(=O)C,[M-H]-,220.1460835
CC1=NC=CN1CC2CCC3=C(C2=O)C4=CC=CC=C4N3C,[M+Na]+,177.1960563
CC1=NC=CN1CC2CCC3=C(C2=O)C4=CC=CC=C4N3C,[M-H]-,171.8121266
CC1=CN=C(S1)NC(=O)C2=C(C3=CC=CC=C3S(=O)(=O)N2C)O,[M+Na]+,185.3166258
CC1=CN=C(S1)NC(=O)C2=C(C3=CC=CC=C3S(=O)(=O)N2C)O,[M-H]-,177.2251636
CCCCCCCCCCCCCCCCCCC(=O)O,[M+Na]+,190.5497948
CCC1=CC=C(C=C1)O,[M+H]+,119.6007164
CC1=C2COC(=O)C2=C(C(=C1OC)C/C=C(\C)/CCC(=O)O)O,[M+Na]+,178.502948
CC1=C2COC(=O)C2=C(C(=C1OC)C/C=C(\C)/CCC(=O)O)O,[M-H]-,175.8755231
CCN(CC)CCNC(=O)C1=CC(=C(C=C1OC)N)Cl,[M-H]-,176.7931724
C1C(C2=CC=CC=C2N(C3=CC=CC=C31)C(=O)N)O,[M+H]+,156.1265082
C1C(C2=CC=CC=C2N(C3=CC=CC=C31)C(=O)N)O,[M+Na]+,162.447738
CN1C2=C(NC1=O)N(C(=O)N(C2=O)C)C,[M-H]-,142.5693981
CC(C)(C1=CC=C(C=C1)C(CCCN2CCC(CC2)C(C3=CC=CC=C3)(C4=CC=CC=C4)O)O)C(=O)O,[M+Na]+,220.7655763
CC(C)(C1=CC=C(C=C1)C(CCCN2CCC(CC2)C(C3=CC=CC=C3)(C4=CC=CC=C4)O)O)C(=O)O,[M-H]-,224.2238715
C(CC(C(=O)O)O)CC(=O)O,[M-H]-,128.3504122
CC(=O)NC1=C(NC(=O)N(C1=O)C)N,[M-H]-,141.1549591
C(CC(=O)O)C1C(=O)NC(=O)N1,[M-H]-,132.8707999
C(CC(=O)C(=O)[O-])C[NH+]=C(N)N,[M+H]+,139.9358957
C(CC(=O)C(=O)[O-])C[NH+]=C(N)N,[M-H]-,135.0823153
C[C@H](CCCC(C)C(=O)O)[C@H]1CC[C@@H]2[C@@]1(CC[C@H]3[C@H]2CC=C4[C@@]3(CC[C@@H](C4)O)C)C,[M+H]+,214.0232942
C[C@H](CCCC(C)C(=O)O)[C@H]1CC[C@@H]2[C@@]1(CC[C@H]3[C@H]2CC=C4[C@@]3(CC[C@@H](C4)O)C)C,[M-H]-,214.9870628
C1CN(CCN1CCOCCO)C2=NC3=CC=CC=C3SC4=CC=CC=C42,[M+Na]+,189.1536288
C1CN2C(=NN=C2C(F)(F)F)CN1C(=O)C[C@@H](CC3=CC(=C(C=C3F)F)F)N,[M+H]+,193.7824196
C1CN2C(=NN=C2C(F)(F)F)CN1C(=O)C[C@@H](CC3=CC(=C(C=C3F)F)F)N,[M-H]-,182.2176156
CCCC(=O)O[C@H](CC(=O)[O-])C[N+](C)(C)C,[M+H]+,155.7222429
CC/C=C\C/C=C\C/C=C\C/C=C\C/C=C\CCCCCC(=O)O,[M+H]+,185.3136906
CC/C=C\C/C=C\C/C=C\C/C=C\C/C=C\CCCCCC(=O)O,[M+Na]+,185.9039864
CC/C=C\C/C=C\C/C=C\C/C=C\C/C=C\CCCCCC(=O)O,[M-H]-,185.2535712
CN1C=C(N=C1)CC(=O)O,[M+H]+,124.7566613
C1=CC(=C[N+](=C1)[C@H]2[C@@H]([C@@H]([C@H](O2)CO)O)O)C(=O)N,[M+H]+,154.9364004
C1CN(CCN1CCOCC(=O)O)C(C2=CC=CC=C2)C3=CC=C(C=C3)Cl,[M+Na]+,195.9100518
C1CN(CCN1CCOCC(=O)O)C(C2=CC=CC=C2)C3=CC=C(C=C3)Cl,[M-H]-,193.8081649
C[N+](C)(C)[C@@H](CC1=CNC2=CC=CC=C21)C(=O)[O-],[M+H]+,158.5941307
C[N+](C)(C)[C@@H](CC1=CNC2=CC=CC=C21)C(=O)[O-],[M+Na]+,161.7213809
CC1=CC=C(C=C1)OS(=O)(=O)O,[M-H]-,137.8685434
CC(C)CC(=O)O[C@H](CC(=O)[O-])C[N+](C)(C)C,[M+H]+,161.2680727
CCCCC/C=C\C/C=C\C/C=C\C/C=C\CCCC(=O)OC[C@H](CO)O,[M+H]+,203.2828332
CCCCC/C=C\C/C=C\C/C=C\C/C=C\CCCC(=O)OC[C@H](CO)O,[M+Na]+,198.1352391
CCCCC/C=C\C/C=C\C/C=C\C/C=C\CCCC(=O)OC(CO)CO,[M+H]+,204.4242886
CCCCC/C=C\C/C=C\C/C=C\C/C=C\CCCC(=O)OC(CO)CO,[M+Na]+,199.4816887
CCCCCCCCCCCCCCCCC(C(=O)O)O,[M+Na]+,188.937236
CCCCCCCCCCCCCCCCC(C(=O)O)O,[M-H]-,181.4769253
C1=CC(=CC=C1C[C@@H](C(=O)O)N)OS(=O)(=O)O,[M+H]+,167.1950564
C1=CC(=CC=C1C[C@@H](C(=O)O)N)OS(=O)(=O)O,[M+Na]+,158.9071718
C1=CC(=CC=C1C[C@@H](C(=O)O)N)OS(=O)(=O)O,[M-H]-,158.7208083
CCC(=O)OC(CC(=O)[O-])C[N+](C)(C)C,[M+H]+,149.7711827
CC(C)C(=O)O[C@H](CC(=O)[O-])C[N+](C)(C)C,[M+H]+,154.874198
C/C=C(\C)/C(=O)OC(CC(=O)[O-])C[N+](C)(C)C,[M+H]+,160.3845326
C[C@@H](O)CC(=O)O[C@@H](CC([O-])=O)C[N+](C)(C)C,[M+H]+,156.8712391
C[C@@H](O)CC(=O)O[C@@H](CC([O-])=O)C[N+](C)(C)C,[M+Na]+,168.5310454
CCCCCC(=O)OC(CC(=O)[O-])C[N+](C)(C)C,[M+H]+,168.3064051
CCCCCC(=O)OC(CC(=O)[O-])C[N+](C)(C)C,[M+Na]+,181.5267057
CCCCCCCC(=O)OC(CC(=O)[O-])C[N+](C)(C)C,[M+H]+,180.3057189
CCCCCCCC(=O)OC(CC(=O)[O-])C[N+](C)(C)C,[M+Na]+,193.1227328
CCCCCCCCCC(=O)O[C@H](CC([O-])=O)C[N+](C)(C)C,[M+H]+,191.7159921
CCCCC/C=C\C/C=C\C/C=C\C/C=C\CCCC(=O)O[C@H](CC(=O)[O-])C[N+](C)(C)C,[M+H]+,218.4086209
CCCCC/C=C\C/C=C\C/C=C\C/C=C\CCCC(=O)O[C@H](CC(=O)[O-])C[N+](C)(C)C,[M+Na]+,223.777501
CSCCC(NC(=O)C(CC1=CC=CC=C1)NC(=O)CNC(=O)CNC(=O)C(N)CC1=CC=C(O)C=C1)C(O)=O,[M+H]+,230.0203611
CSCCC(NC(=O)C(CC1=CC=CC=C1)NC(=O)CNC(=O)CNC(=O)C(N)CC1=CC=C(O)C=C1)C(O)=O,[M+Na]+,227.9787638
CSCCC(NC(=O)C(CC1=CC=CC=C1)NC(=O)CNC(=O)CNC(=O)C(N)CC1=CC=C(O)C=C1)C(O)=O,[M-H]-,224.0907849
CC(C)C[C@@H](C(=O)O)NC(=O)[C@H](CC1=CC=CC=C1)NC(=O)CNC(=O)CNC(=O)[C@H](CC2=CC=C(C=C2)O)N,[M+Na]+,231.9312658
CN1C=NC2=C(N=CN2[C@@H]2O[C@H](CO)[C@@H](O)[C@H]2O)C1=O,[M+H]+,162.0794639
CN1C=NC2=C(N=CN2[C@@H]2O[C@H](CO)[C@@H](O)[C@H]2O)C1=O,[M+Na]+,174.6320699
CC(=O)C1=C(O)C=C(O)C=C1O,[M-H]-,128.9829292
CCCCCCCC\C=C/C\C=C/C\C=C/CCCC(O)=O,[M+H]+,190.3748743
CCCCCCCC\C=C/C\C=C/C\C=C/CCCC(O)=O,[M+Na]+,188.3829307
CCCCCCCC\C=C/C\C=C/C\C=C/CCCC(O)=O,[M-H]-,182.4754336
CN1C(=O)NC2=C1NC(=O)NC2=O,[M+H]+,138.4925424
CN1C(=O)NC2=C1NC(=O)NC2=O,[M-H]-,132.7841068
CC(=O)NC1=CC=C(O[C@@H]2O[C@@H]([C@@H](O)[C@H](O)[C@H]2O)C(O)=O)C=C1,[M+H]+,185.487576
CC(=O)NC1=CC=C(O[C@@H]2O[C@@H]([C@@H](O)[C@H](O)[C@H]2O)C(O)=O)C=C1,[M+Na]+,173.6858518
CC(=O)NC1=CC=C(O[C@@H]2O[C@@H]([C@@H](O)[C@H](O)[C@H]2O)C(O)=O)C=C1,[M-H]-,179.5847359
C\C(\C=C\C12OC1(C)CCCC2(C)C)=C/C=C/C(/C)=C/C(O)=O,[M+H]+,178.8431881
[H][C@@]1(CC[C@@]2([H])[C@]3([H])[C@H](O)C[C@]4([H])C[C@@H](CC[C@]4(C)[C@@]3([H])CC[C@]12C)OC1O[C@@H]([C@@H](O)[C@H](O)[C@H]1O)C(O)=O)[C@H](C)CCC(O)=O,[M+Na]+,239.2941036
[H][C@@]1(CC[C@@]2([H])[C@]3([H])[C@H](O)C[C@]4([H])C[C@@H](CC[C@]4(C)[C@@]3([H])CC[C@]12C)OC1O[C@@H]([C@@H](O)[C@H](O)[C@H]1O)C(O)=O)[C@H](C)CCC(O)=O,[M-H]-,224.648841
OS(=O)(=O)NC1CCCCC1,[M-H]-,140.5815045
NC(CSC(=S)C(NC(=O)CCC(N)C(O)=O)C(=O)NCC(O)=O)C(O)O,[M+H]+,194.1260837
NC(CSC(=S)C(NC(=O)CCC(N)C(O)=O)C(=O)NCC(O)=O)C(O)O,[M-H]-,186.297237
NC(CC1=CC(O)=C(C=C1)C1=CC=C(CC(N)C(O)=O)C=C1O)C(O)=O,[M+H]+,183.5717655
NC(CC1=CC(O)=C(C=C1)C1=CC=C(CC(N)C(O)=O)C=C1O)C(O)=O,[M+Na]+,186.096888
NC(CC1=CC(O)=C(C=C1)C1=CC=C(CC(N)C(O)=O)C=C1O)C(O)=O,[M-H]-,181.2175366
C[N+](C)(C)[C@@H](CC1=CNC(=S)N1)C([O-])=O,[M+H]+,151.6610029
C[N+](C)(C)[C@@H](CC1=CNC(=S)N1)C([O-])=O,[M+Na]+,155.2694709
OC(=O)CC[C@H](NC=N)C(O)=O,[M+H]+,134.3810388
OC(=O)CC[C@H](NC=N)C(O)=O,[M-H]-,132.222199
CC1=C(O)C=C2CCC(C)(CCC(O)=O)OC2=C1C,[M+H]+,160.3617153
CC1=C(O)C=C2CCC(C)(CCC(O)=O)OC2=C1C,[M+Na]+,165.75392
CC1=C(O)C=C2CCC(C)(CCC(O)=O)OC2=C1C,[M-H]-,165.3709481
CC(C)C[C@H](NC(=O)CC[C@H](N)C(O)=O)C(O)=O,[M+H]+,166.4850798
CC(C)C[C@H](NC(=O)CC[C@H](N)C(O)=O)C(O)=O,[M+Na]+,163.8634236
CC(C)C[C@H](NC(=O)CC[C@H](N)C(O)=O)C(O)=O,[M-H]-,160.1177424
COC1=C(OS(O)(=O)=O)C=CC(CC(O)=O)=C1,[M+Na]+,157.5182986
COC1=C(OS(O)(=O)=O)C=CC(CC(O)=O)=C1,[M-H]-,153.7391837
CC(C)C[C@H](N)C(=O)N[C@@H](CC1=CC=CC=C1)C(O)=O,[M+H]+,170.2703201
CC(C)C[C@H](N)C(=O)N[C@@H](CC1=CC=CC=C1)C(O)=O,[M+Na]+,174.3091705
CC(C)C[C@H](N)C(=O)N[C@@H](CC1=CC=CC=C1)C(O)=O,[M-H]-,170.6419569
CS(=O)(=O)CC[C@H](N)C(O)=O,[M+H]+,137.3599534
CS(=O)(=O)CC[C@H](N)C(O)=O,[M+Na]+,138.8259739
CS(=O)(=O)CC[C@H](N)C(O)=O,[M-H]-,135.3094874
CC(=O)NCCC(=O)N[C@H](CC1=CN=CN1)C(O)=O,[M+H]+,160.0379261
CC(=O)NCCC(=O)N[C@H](CC1=CN=CN1)C(O)=O,[M+Na]+,163.7659769
CC(=O)NCCC(=O)N[C@H](CC1=CN=CN1)C(O)=O,[M-H]-,161.989414
CC(=O)N[C@@H](CCCNC(N)=O)C(O)=O,[M+Na]+,149.9422996
CC(=O)N[C@@H](CCCNC(N)=O)C(O)=O,[M-H]-,147.8294401
C[C@H](O)C(=O)N[C@@H](CC1=CC=CC=C1)C(O)=O,[M+H]+,151.1721687
C[C@H](O)C(=O)N[C@@H](CC1=CC=CC=C1)C(O)=O,[M+Na]+,157.7703312
C[C@H](O)C(=O)N[C@@H](CC1=CC=CC=C1)C(O)=O,[M-H]-,155.0528062
CCCCCCCCCCCC(=O)NCC(O)=O,[M+Na]+,175.3882368
CCCCCCCCCCCC(=O)NCC(O)=O,[M-H]-,170.8596301
CC1=CC=C(O[C@@H]2O[C@@H]([C@@H](O)[C@H](O)[C@H]2O)C(O)=O)C=C1,[M+Na]+,166.9483048
CC1=CC=C(O[C@@H]2O[C@@H]([C@@H](O)[C@H](O)[C@H]2O)C(O)=O)C=C1,[M-H]-,167.328721
N[C@@H](CC1=CC=CC=C1)C(=O)N[C@@H](CC1=CC=CC=C1)C(O)=O,[M+H]+,178.4145369
N[C@@H](CC1=CC=CC=C1)C(=O)N[C@@H](CC1=CC=CC=C1)C(O)=O,[M+Na]+,173.2428673
N[C@@H](CC1=CC=CC=C1)C(=O)N[C@@H](CC1=CC=CC=C1)C(O)=O,[M-H]-,178.3573998
CCCCC[C@H](O)\C=C\[C@@H]1[C@@H](C\C=C/CCCC(O)=O)C=CC1=O,[M+H]+,180.0165498
CCCCC[C@H](O)\C=C\[C@@H]1[C@@H](C\C=C/CCCC(O)=O)C=CC1=O,[M+Na]+,187.8040925
CCCCC[C@H](O)\C=C\[C@@H]1[C@@H](C\C=C/CCCC(O)=O)C=CC1=O,[M-H]-,189.6505036
NC(CCCCN1C(CO)=CC=C1C=O)C(O)=O,[M+H]+,161.2949008
NC(CCCCN1C(CO)=CC=C1C=O)C(O)=O,[M+Na]+,163.8131548
NC(CCCCN1C(CO)=CC=C1C=O)C(O)=O,[M-H]-,155.7651841
NC1=NC(N)=C2N=C(C(N)=NC2=N1)C1=CC=CC=C1,[M+Na]+,172.9840429
NC1=NC(N)=C2N=C(C(N)=NC2=N1)C1=CC=CC=C1,[M-H]-,157.5909489
CC(NC(=O)C(N)CC1=CC=C(O)C=C1)C(O)=O,[M+H]+,164.9464994
CC(NC(=O)C(N)CC1=CC=C(O)C=C1)C(O)=O,[M+Na]+,160.8200068
CC(NC(=O)C(N)CC1=CC=C(O)C=C1)C(O)=O,[M-H]-,153.1880988
NC(CC1=CC=C(O)C=C1)C(=O)NC(CCC(O)=O)C(O)=O,[M+H]+,176.2668387
NC(CC1=CC=C(O)C=C1)C(=O)NC(CCC(O)=O)C(O)=O,[M+Na]+,171.8239227
NC(CC1=CC=C(O)C=C1)C(=O)NC(CCC(O)=O)C(O)=O,[M-H]-,165.333842
CCCCC(=O)N(CC1=CC=C(C=C1)C1=CC=CC=C1C1=NNN=N1)[C@@H](C(C)C)C(O)=O,[M+Na]+,210.5337999
CCCCC(=O)N(CC1=CC=C(C=C1)C1=CC=CC=C1C1=NNN=N1)[C@@H](C(C)C)C(O)=O,[M-H]-,204.1530541
CCCCC[C@H](O)\C=C\[C@H]1C=CC(=O)[C@@H]1C\C=C/CCCC(O)=O,[M+Na]+,196.7471445
CCCCC[C@H](O)\C=C\[C@H]1C=CC(=O)[C@@H]1C\C=C/CCCC(O)=O,[M-H]-,185.0630258
CCCCC[C@@H](/C=C/C=C/C/C=C\CCCC(=O)O)O,[M+Na]+,184.6206104
CCCCC[C@@H](/C=C/C=C/C/C=C\CCCC(=O)O)O,[M-H]-,175.521584
CC(C)CCCCCCCCCCC(O)=O,[M+H]+,173.2265544
CC(C)CCCCCCCCCCC(O)=O,[M-H]-,163.9707209
CC\C=C/C[C@H](OO)\C=C\C=C/CCCCCCCC(O)=O,[M+Na]+,185.2716208
CC1=CC2=C(C=C1)N=C3C(=CC=CN3C2=O)C(=O)O,[M+H]+,151.9079446
CC1=CC2=C(C=C1)N=C3C(=CC=CN3C2=O)C(=O)O,[M+Na]+,168.2279406
CCCCCCCCC[C@H](O)CC(O)=O,[M-H]-,165.2184288
CC(CC(=O)[O-])CC(=O)OC(CC(=O)O)C[N+](C)(C)C,[M+H]+,166.6206068
CC(CC(=O)[O-])CC(=O)OC(CC(=O)O)C[N+](C)(C)C,[M+Na]+,172.3753679
CC(CC(=O)[O-])CC(=O)OC(CC(=O)O)C[N+](C)(C)C,[M-H]-,170.447948
C[C@H](CCCC(C)C(=O)O)[C@H]1CC[C@@H]2[C@@]1(CC[C@H]3[C@H]2[C@@H](CC4=CC(=O)CC[C@]34C)O)C,[M+H]+,219.7986399
C[C@H](CCCC(C)C(=O)O)[C@H]1CC[C@@H]2[C@@]1(CC[C@H]3[C@H]2[C@@H](CC4=CC(=O)CC[C@]34C)O)C,[M+Na]+,203.995774
C[C@H](CCCC(C)C(=O)O)[C@H]1CC[C@@H]2[C@@]1(CC[C@H]3[C@H]2[C@@H](CC4=CC(=O)CC[C@]34C)O)C,[M-H]-,205.6708347
C1=CC=C2C(=C1)C(=C(N2)[C@@H]3[C@H]([C@H]([C@@H]([C@H](O3)CO)O)O)O)C[C@@H](C(=O)O)N,[M+H]+,186.1646424
C1=CC=C2C(=C1)C(=C(N2)[C@@H]3[C@H]([C@H]([C@@H]([C@H](O3)CO)O)O)O)C[C@@H](C(=O)O)N,[M+Na]+,187.7614893
C1=CC=C2C(=C1)C(=C(N2)[C@@H]3[C@H]([C@H]([C@@H]([C@H](O3)CO)O)O)O)C[C@@H](C(=O)O)N,[M-H]-,179.7588143
NC(CC(O)=O)C(=O)NC(CCC(O)=O)C(O)=O,[M+H]+,159.8949057
NC(CC(O)=O)C(=O)NC(CCC(O)=O)C(O)=O,[M+Na]+,159.825388
NC(CC(O)=O)C(=O)NC(CCC(O)=O)C(O)=O,[M-H]-,153.7373184
CCCCCC=CCCC(=O)OC(CC(=O)[O-])C[N+](C)(C)C,[M+H]+,184.8687022
CCCCCC=CCCC(=O)OC(CC(=O)[O-])C[N+](C)(C)C,[M+Na]+,197.7142525
C(CC(=O)O)[C@@H](C(=O)N[C@@H](CCC(=O)O)C(=O)O)N,[M+H]+,162.0272127
C(CC(=O)O)[C@@H](C(=O)N[C@@H](CCC(=O)O)C(=O)O)N,[M+Na]+,163.155275
C(CC(=O)O)[C@@H](C(=O)N[C@@H](CCC(=O)O)C(=O)O)N,[M-H]-,157.1414307
NCC(O)=NC(CC1=CC=CC=C1)C(O)=O,[M+H]+,154.8931322
NCC(O)=NC(CC1=CC=CC=C1)C(O)=O,[M+Na]+,153.9050889
NCC(O)=NC(CC1=CC=CC=C1)C(O)=O,[M-H]-,151.5705146
CC(C)[C@@H](C(=O)O)NC(=O)CN,[M+Na]+,147.6819606
CC(C)[C@@H](C(=O)O)NC(=O)CN,[M-H]-,140.2074465
CC(C)C[C@@H](C(=O)N[C@@H](CC(C)C)C(=O)O)N,[M+H]+,168.0660478
CC(C)C[C@@H](C(=O)N[C@@H](CC(C)C)C(=O)O)N,[M+Na]+,173.6710678
CC(C)C[C@@H](C(=O)N[C@@H](CC(C)C)C(=O)O)N,[M-H]-,165.9167193
[H]\C(CCCCC)=C(/[H])C\C([H])=C(\[H])CCCCCCCC(O)=N,[M+H]+,185.6782193
[H]\C(CCCCC)=C(/[H])C\C([H])=C(\[H])CCCCCCCC(O)=N,[M+Na]+,178.7833335
[H]\C(CCCCC)=C(/[H])C\C([H])=C(\[H])CCCCCCCC(O)=N,[M-H]-,176.7044475
CCCCCCCC/C=C\CCCCCCCC(=O)OC[C@H](COP(=O)(O)OCCN)O,[M+H]+,218.0839096
CCCCCCCC/C=C\CCCCCCCC(=O)OC[C@H](COP(=O)(O)OCCN)O,[M+Na]+,223.8914143
CCCCCCCC/C=C\CCCCCCCC(=O)OC[C@H](COP(=O)(O)OCCN)O,[M-H]-,217.0789383
CC1=CC=CC(C)=C1NC(CNCC)=O,[M+H]+,152.1429786
CC1=CC=CC(C)=C1NC(CNCC)=O,[M+Na]+,158.590894
CC1=CC=CC(C)=C1NC(CNCC)=O,[M-H]-,150.3103469
CCCCCCCCCCCCCC(=O)OC(CC(=O)[O-])C[N+](C)(C)C,[M+H]+,209.228484
CCCCCCCCCCCCCC(=O)OC(CC(=O)[O-])C[N+](C)(C)C,[M+Na]+,216.5925175
CC(=O)NCCCN1CCCC1=O,[M+H]+,137.9596249
CC(=O)NCCCN1CCCC1=O,[M+Na]+,146.5966204
CC(=O)NCCCN1CCCC1=O,[M-H]-,145.4783855
C[C@H](C(=O)O)O[C@H]1[C@@H]([C@H](OC([C@@H]1NC(=O)C)O)CO)O,[M+H]+,161.17725
CCCCCCCC/C=C\CCCCCCCC(=O)N,[M+H]+,189.9224721
CCCCCCCC/C=C\CCCCCCCC(=O)N,[M+Na]+,184.9071426
CCCCCCCC/C=C\CCCCCCCC(=O)N,[M-H]-,177.486503
CCCCCCCCCCCCCCCC(=O)N,[M+H]+,184.2516405
CCCCCCCCCCCCCCCC(=O)N,[M+Na]+,178.4905018
C1=CC=C(C=C1)OS(=O)(=O)O,[M-H]-,130.4986498
N[C@@H](CC1=CC=CC=C1)C(=O)N[C@@H](CC1=CNC2=CC=CC=C12)C(O)=O,[M+H]+,184.0521426
N[C@@H](CC1=CC=CC=C1)C(=O)N[C@@H](CC1=CNC2=CC=CC=C12)C(O)=O,[M+Na]+,178.2548946
N[C@@H](CC1=CC=CC=C1)C(=O)N[C@@H](CC1=CNC2=CC=CC=C12)C(O)=O,[M-H]-,187.1090308
C[C@@H]([C@H]1CC[C@@H]2[C@@]1(CC[C@H]3[C@H]2CC[C@H]4[C@@]3(CC[C@H](C4)O[C@H]5[C@@H]([C@H]([C@@H]([C@H](O5)C(=O)O)O)O)O)C)C)O,[M+Na]+,214.1371475
C[C@@H]([C@H]1CC[C@@H]2[C@@]1(CC[C@H]3[C@H]2CC[C@H]4[C@@]3(CC[C@H](C4)O[C@H]5[C@@H]([C@H]([C@@H]([C@H](O5)C(=O)O)O)O)O)C)C)O,[M-H]-,216.3580917
C1C[C@H](NC1)C(=O)N2C[C@@H](C[C@H]2C(=O)O)O,[M+H]+,152.4386714
C1C[C@H](NC1)C(=O)N2C[C@@H](C[C@H]2C(=O)O)O,[M+Na]+,161.4229926
C1C[C@H](NC1)C(=O)N2C[C@@H](C[C@H]2C(=O)O)O,[M-H]-,153.5736223
CCCCC[C@@H](/C=C/C1=C(C(=O)CC1)C/C=C\CCCC(=O)O)O,[M+H]+,194.2969594
CCCCC[C@@H](/C=C/C1=C(C(=O)CC1)C/C=C\CCCC(=O)O)O,[M+Na]+,205.0662627
CCCCC[C@@H](/C=C/C1=C(C(=O)CC1)C/C=C\CCCC(=O)O)O,[M-H]-,188.8164168
C[C@H](NC(=O)[C@@H](N)CO)C(O)=O,[M+H]+,141.8190965
C[C@H](NC(=O)[C@@H](N)CO)C(O)=O,[M+Na]+,142.4570019
C[C@H](NC(=O)[C@@H](N)CO)C(O)=O,[M-H]-,136.9693809
CCCCC(=O)O[C@H](CC([O-])=O)C[N+](C)(C)C,[M+H]+,161.796474
CCCCC(=O)O[C@H](CC([O-])=O)C[N+](C)(C)C,[M+Na]+,175.0089106
C/C=C/C1=CC(=C(C=C1)OC(=O)C)OC,[M+H]+,143.8229615
C/C=C/C1=CC(=C(C=C1)OC(=O)C)OC,[M+Na]+,158.274443
C1=C(NC=N1)C[C@@H](C(=O)NCC(=O)O)N,[M+H]+,147.0966882
C1=C(NC=N1)C[C@@H](C(=O)NCC(=O)O)N,[M+Na]+,148.4143356
C1=C(NC=N1)C[C@@H](C(=O)NCC(=O)O)N,[M-H]-,144.407288
CC(=O)N[C@@H](CCCN=C(N)N)C(=O)O,[M+H]+,150.3427769
CC(=O)N[C@@H](CCCN=C(N)N)C(=O)O,[M+Na]+,161.6168667
CC(=O)N[C@@H](CCCN=C(N)N)C(=O)O,[M-H]-,148.8263362
C1C[C@H](N(C1)C(=O)[C@H](CC2=CC=CC=C2)N)C(=O)O,[M+H]+,163.1586763
C1C[C@H](N(C1)C(=O)[C@H](CC2=CC=CC=C2)N)C(=O)O,[M+Na]+,160.2438545
C1C[C@H](N(C1)C(=O)[C@H](CC2=CC=CC=C2)N)C(=O)O,[M-H]-,163.4299496
C1=CC=C2C(=C1)C(=CN2)C[C@@H](C(=O)N[C@@H](CCC(=O)O)C(=O)O)N,[M+H]+,181.8112627
C1=CC=C2C(=C1)C(=CN2)C[C@@H](C(=O)N[C@@H](CCC(=O)O)C(=O)O)N,[M+Na]+,175.5527782
C1=CC=C2C(=C1)C(=CN2)C[C@@H](C(=O)N[C@@H](CCC(=O)O)C(=O)O)N,[M-H]-,174.6589929
CC1=C(C(=CC=C1)C)O,[M+H]+,119.4897696
C1=C(C=C(C=C1O)O)CO,[M-H]-,127.1023243
CCC1=CC(=CC=C1)O,[M+H]+,119.2678758
CCC1=CC(=CC=C1)O,[M-H]-,126.0076318
C1=CC=C2C(=C1)C(=CN2)/C=C/C(=O)O,[M+H]+,137.1737473
C1=CC2=C(C=CN2)C=C1O,[M+H]+,125.2954739
C1=CC2=C(C=CN2)C=C1O,[M-H]-,123.4760981
C1=C(OC(=C1)C=O)CO,[M+Na]+,123.8764223
COC1=C(C=C2C(=C1)CC(C2=O)CC3CCNCC3)OC,[M+H]+,174.7991875
COC1=C(C=C2C(=C1)CC(C2=O)CC3CCNCC3)OC,[M+Na]+,181.1557984
CCCCOC(=O)C1=CC=CC=C1C(=O)O,[M+H]+,154.574856
CC(=O)N[C@@H](CCSC)C(=O)O,[M+H]+,143.6343341
C(COCCOCCOCCOCCOCCOCCOCCOCCO)O,[M+H]+,186.9507365
C(COCCOCCOCCOCCOCCOCCOCCOCCO)O,[M+Na]+,187.58323
C(COCCOCCOCCOCCOCCOCCOCCOCCO)O,[M-H]-,193.9123592
COC1=C(C(=NC=C1)CSC2=NC3=C(N2)C=C(C=C3)OC(F)F)OC,[M+H]+,183.966419
COC1=C(C(=NC=C1)CSC2=NC3=C(N2)C=C(C=C3)OC(F)F)OC,[M+Na]+,190.0270792
COC1=C(C(=NC=C1)CSC2=NC3=C(N2)C=C(C=C3)OC(F)F)OC,[M-H]-,182.9632339
C(CCC/C=C/C(=O)O)CCCO,[M+Na]+,151.737895
C(CCC/C=C/C(=O)O)CCCO,[M-H]-,146.3408787
C(COCCOCCOCCO)O,[M+H]+,137.7087446
C(COCCOCCOCCO)O,[M+Na]+,141.7253265
CC[C@@]12CCCN3[C@@H]1C4=C(CC3)C5=CC=CC=C5N4C(=C2)C(=O)OCC,[M+H]+,188.5449512
CC[C@@]12CCCN3[C@@H]1C4=C(CC3)C5=CC=CC=C5N4C(=C2)C(=O)OCC,[M+Na]+,196.5443817
CN1C=NC(N)=C2N=CN=C12,[M-H]-,128.1985412
CC(C)CC(C)(C1=CC=C(C=C1)O)C2=CC=C(C=C2)O,[M-H]-,174.346772
CC1=CC(=C(C(=C1O)C)C)C2=C(C(=C(C(=C2)C)O)C)C,[M+H]+,170.9199165
CC1=CC(=C(C(=C1O)C)C)C2=C(C(=C(C(=C2)C)O)C)C,[M-H]-,176.6615752
CCNC(=O)CC[C@@H](C(=O)O)N,[M+H]+,139.7715336
CCNC(=O)CC[C@@H](C(=O)O)N,[M+Na]+,142.7592286
CCNC(=O)CC[C@@H](C(=O)O)N,[M-H]-,138.8042927
CCN(CC)CC(=O)NC1=C(C=CC=C1C)C,[M+Na]+,166.1880803
CCN(CC)CC(=O)NC1=C(C=CC=C1C)C,[M-H]-,158.2294163
C(CCCCCCCC(=O)O)CCCCCCC(=O)O,[M+H]+,174.2488363
C(CCCCCCCC(=O)O)CCCCCCC(=O)O,[M+Na]+,181.1224403
C(CCCCCCCC(=O)O)CCCCCCC(=O)O,[M-H]-,172.6244815
CC1=CC=C(C=C1)S(=O)(=O)O,[M-H]-,135.2489638
CC[C@@H](C(=O)N)N1CCCC1=O,[M+Na]+,144.550151
C1[C@@H]([C@H]([C@@H]([C@H](O1)CO)O)O)O,[M+Na]+,144.2010768
C[N+]1(CCC[C@H]1C(=O)[O-])C,[M+H]+,127.3841227
C[N+]1(CCC[C@H]1C(=O)[O-])C,[M+Na]+,139.5363535
CC(=O)NC[C@H]1CN(C(=O)O1)C2=CC(=C(C=C2)N3CCOCC3)F,[M+H]+,182.4572615
CC(=O)NC[C@H]1CN(C(=O)O1)C2=CC(=C(C=C2)N3CCOCC3)F,[M+Na]+,192.3227142
C1=CC(=C(C=C1F)F)C(CN2C=NC=N2)(CN3C=NC=N3)O,[M+Na]+,174.1999905
C1=CC=C2C(=C1)C(=CN2)C=O,[M+H]+,129.6500762
C1=CC=C2C(=C1)C(=CN2)C=O,[M-H]-,124.8710649
CC1=CC(=C(C=C1)C(C)C)O,[M-H]-,134.7851973
C(CCN=C(N)N)C[C@@H](C(=O)O)N,[M+H]+,141.3082552
C(CCN=C(N)N)C[C@@H](C(=O)O)N,[M+Na]+,152.8252074
C(CCN=C(N)N)C[C@@H](C(=O)O)N,[M-H]-,141.1915922
CC(=O)N[C@@H](CC1=CN=CN1)C(=O)O,[M+H]+,142.821478
CC(=O)N[C@@H](CC1=CN=CN1)C(=O)O,[M+Na]+,147.0384538
CC(=O)N[C@@H](CC1=CN=CN1)C(=O)O,[M-H]-,141.5206801
C(CCNC(=O)N)C[C@@H](C(=O)O)N,[M+H]+,142.4409388
C(CCNC(=O)N)C[C@@H](C(=O)O)N,[M+Na]+,145.1125345
C(CCNC(=O)N)C[C@@H](C(=O)O)N,[M-H]-,140.3921722
CCC1C(C(=O)NC1CC2=NC(=CC3=C(C(=C(N3)CC4C(C(C(=O)N4)CC)C)C)CCC(=O)O)C(=C2C)CCC(=O)O)C,[M+H]+,235.7735967
CCC1C(C(=O)NC1CC2=NC(=CC3=C(C(=C(N3)CC4C(C(C(=O)N4)CC)C)C)CCC(=O)O)C(=C2C)CCC(=O)O)C,[M-H]-,248.1908758
C1=C(N=C(S1)N=C(N)N)CSCC/C(=N/S(=O)(=O)N)/N,[M+Na]+,175.3792608
C1=C(N=C(S1)N=C(N)N)CSCC/C(=N/S(=O)(=O)N)/N,[M-H]-,168.8474298
COC1=CC=CC=C1OCC(CO)O,[M+Na]+,147.5320176
CC1=CN=C(C=N1)C(=O)NCCC2=CC=C(C=C2)S(=O)(=O)NC(=O)NC3CCCCC3,[M+Na]+,209.9925226
CC1=CN=C(C=N1)C(=O)NCCC2=CC=C(C=C2)S(=O)(=O)NC(=O)NC3CCCCC3,[M-H]-,202.5689948
CN(C)CCCCC(N)C(O)=O,[M+H]+,136.2105853
CN(C)CCCCC(N)C(O)=O,[M-H]-,147.8686611
C=CCCCCCCCCC(=O)O,[M-H]-,152.2509367
C1=COC(=C1)CNC2=CC(=C(C=C2C(=O)O)S(=O)(=O)N)Cl,[M-H]-,172.3242948
C(CSCCC(=O)O)C(=O)O,[M+Na]+,138.9514036
C1=CC=C2C(=C1)C(=C(N2)C3=NC4=CC=CC=C4C3=O)O,[M+H]+,158.7364174
CCCCC[C@@H](C(=O)O)N,[M-H]-,137.9993845
CCCCCCC(C(=O)O)O,[M-H]-,142.0406772
C1=CC=C(C=C1)O[C@H]2[C@@H]([C@H]([C@H]([C@H](O2)CO)O)O)O,[M+Na]+,161.7643378
C1=CC=C(C=C1)O[C@H]2[C@@H]([C@H]([C@H]([C@H](O2)CO)O)O)O,[M-H]-,174.7992568
C[C@@H]1[C@H]2[C@@H]([C@H]3[C@@H](C(=O)C(=C([C@]3(C(=O)C2=C(C4=C1C=CC=C4O)O)O)O)C(=O)N)N(C)C)O,[M-H]-,198.2462543
C(CC(=O)N[C@@H](CCC(=O)N)C(=O)O)[C@@H](C(=O)O)N,[M+H]+,162.1588047
C(CC(=O)N[C@@H](CCC(=O)N)C(=O)O)[C@@H](C(=O)O)N,[M+Na]+,163.597273
C(CC(=O)N[C@@H](CCC(=O)N)C(=O)O)[C@@H](C(=O)O)N,[M-H]-,157.2726201
CC(=O)NC1=C(C=CC(=C1)O)O,[M-H]-,132.2853901
CN1C(N)=NC2=C(NC=N2)C1=O,[M+H]+,132.9336721
CN1C(N)=NC2=C(NC=N2)C1=O,[M+Na]+,140.1799048
CN1C(N)=NC2=C(NC=N2)C1=O,[M-H]-,128.9341746
OC(=O)C1=C(O)C=CC=C1O,[M+H]+,126.7600025
OC(=O)C1=C(O)C=CC=C1O,[M-H]-,121.6596247
CC1=NC2=CC=CC=C2NC1=O,[M+H]+,131.6037436
CC1=NC2=CC=CC=C2NC1=O,[M-H]-,130.7497702
CCC(C)C(=O)NCC(O)=O,[M+H]+,138.6098058
CCC(C)C(=O)NCC(O)=O,[M+Na]+,145.2105365
CCC(C)C(=O)NCC(O)=O,[M-H]-,139.9363526
CC1=C(C=CC=N1)C(N)=O,[M+H]+,126.486045
O=C1CCCCN1,[M+H]+,117.5908185
COC1=C(C(=C(C=C1)CCC(=O)O)OC)OC,[M+H]+,149.9094402
COC1=C(C(=C(C=C1)CCC(=O)O)OC)OC,[M+Na]+,156.5242142
COC1=C(C(=C(C=C1)CCC(=O)O)OC)OC,[M-H]-,163.0993011
CCCCCCC[C@H](O)CC(O)=O,[M-H]-,154.7194672
OC(=O)CC1=CN=CC=C1,[M+H]+,127.6176294
CC1=CC(=NC=C1)C2=NC=CC(=C2)CCCC(=O)O,[M+H]+,160.6003118
CC1=CC(=NC=C1)C2=NC=CC(=C2)CCCC(=O)O,[M+Na]+,166.8056213
CC1=CC(=NC=C1)C2=NC=CC(=C2)CCCC(=O)O,[M-H]-,172.3720692
O=C1N=CN=C2NNC=C12,[M-H]-,120.2661028
CCCCCCCCCCCCCCCC(=O)OCC(O)C1OC(=O)C(O)=C1O,[M+Na]+,209.3781982
CCCCCCCCCCCCCCCC(=O)OCC(O)C1OC(=O)C(O)=C1O,[M-H]-,204.5700561
NC(=N)NCCC(O)=O,[M+H]+,125.6784215
OC(=O)CCCCCCCCCCC(O)=O,[M+Na]+,162.4130029
OC(=O)CCCCCCCCCCC(O)=O,[M-H]-,154.02893
NS(=O)(=O)C1=C(Cl)C=C2NCNS(=O)(=O)C2=C1,[M+H]+,165.1713862
NS(=O)(=O)C1=C(Cl)C=C2NCNS(=O)(=O)C2=C1,[M+Na]+,179.1987052
CC(C)C1(C)NC(=NC1=O)C1=C(C=CC(C)=C1)C(O)=O,[M+H]+,164.1824946
CC(C)C1(C)NC(=NC1=O)C1=C(C=CC(C)=C1)C(O)=O,[M+Na]+,174.6192548
CC(C)C1(C)NC(=NC1=O)C1=C(C=CC(C)=C1)C(O)=O,[M-H]-,167.7082517
OC(=O)CCC1=CNC2=C1C=CC=C2,[M+H]+,139.3319291
OC(=O)CCC1=CNC2=C1C=CC=C2,[M+Na]+,144.7941921
OC(=O)CCC1=CNC2=C1C=CC=C2,[M-H]-,138.1397096
CC(C)[C@H](NC(C)=O)C(O)=O,[M+H]+,137.8500026
CC(C)[C@H](NC(C)=O)C(O)=O,[M+Na]+,143.274396
CC(C)[C@H](NC(C)=O)C(O)=O,[M-H]-,135.1559181
CCCCCCCC(=O)NCC(O)=O,[M+H]+,156.8548223
CCCCCCCC(=O)NCC(O)=O,[M+Na]+,163.1382579
CCCCCCCC(=O)NCC(O)=O,[M-H]-,157.4854369
C1CNC(C1)C1=CC=CN=C1,[M+H]+,131.8377645
OP(=O)(O)O,[M+H]+,126.9197182
OP(O)(=O)OP(O)(O)=O,[M+H]+,140.2105858
CCCC(CCC)C(O)=O,[M-H]-,136.4349714
CC1=CC(=C(C=C1)C)O,[M+H]+,119.0459821
CC1=CC(=C(C=C1)C)O,[M-H]-,124.6742178
C1=CC=C(C=C1)C2=CC=CC=C2O,[M+H]+,135.2451618
C1=CC=C(C=C1)C2=CC=CC=C2O,[M-H]-,135.5746957
COC1=CC(=C(C=C1)OC)CCC(=O)O,[M+Na]+,153.3573803
COC1=CC(=C(C=C1)OC)CCC(=O)O,[M-H]-,152.0592089
COC1=CC=CC(=C1)CCC(=O)O,[M-H]-,144.0807982
C1=CC=C(C=C1)C2=CC(=CC=C2)O,[M+H]+,135.1371386
C1=CC=C(C=C1)C2=CC(=CC=C2)O,[M-H]-,139.1424509
CC1=CC(=O)NC2=CC=CC=C12,[M+H]+,129.710529
CC1=CC(=O)NC2=CC=CC=C12,[M-H]-,133.2016258
CCCC(=O)CCCC(=O)O,[M-H]-,139.2421659
C1CCC(=O)NCC1,[M+H]+,121.8119626
C(CO)N(CCO)CCO,[M+H]+,128.931886
C(CO)N(CCO)CCO,[M+Na]+,131.6258079
CCN(CC)C(=O)C1=CC=CC(=C1)C,[M+Na]+,160.2600533
COC1=C(C=C2C(=C1)CC(C2=O)CC3CCN(CC3)CC4=CC=CC=C4)OC,[M+Na]+,201.2271246
C(COCCOCCOCCOCCOCCO)O,[M+H]+,157.4588312
C(COCCOCCOCCOCCOCCO)O,[M+Na]+,159.2494876
C(COCCOCCOCCOCCOCCO)O,[M-H]-,162.5499005
C(COCCOCCOCCOCCO)O,[M+H]+,148.068201
C(COCCOCCOCCOCCO)O,[M+Na]+,150.890655
C1=C(C=C(C(=C1O)C=O)O)O,[M+H]+,128.2832987
C1=C(C=C(C(=C1O)C=O)O)O,[M-H]-,124.0557856
C1=C(C=C(C=C1O)O)O,[M+H]+,123.4585991
C1C2=CC=CC=C2C(=O)O1,[M+H]+,122.1356647
C1=CC(=C(C(=C1)O)O)O,[M-H]-,117.2125025
CC1=C(C=CN=C1CSC2=NC3=CC=CC=C3N2)OCCCOC,[M+H]+,186.3968966
CC1=C(C=CN=C1CSC2=NC3=CC=CC=C3N2)OCCCOC,[M-H]-,181.5428871
CC1=C(C(=CC=C1)O)C,[M-H]-,125.229807
C=CCOC1=NC(=NC(=N1)OCC=C)OCC=C,[M+H]+,153.7463395
C=CCOC1=NC(=NC(=N1)OCC=C)OCC=C,[M+Na]+,174.2577998
C1CCC(CC1)NC(=O)NC2CCCCC2,[M+H]+,160.7591884
C1CCC(CC1)NC(=O)NC2CCCCC2,[M-H]-,163.3890557
C1[C@H]([C@@H](OC2=CC(=CC(=C21)O)O)C3=CC(=C(C(=C3)O)O)O)O,[M-H]-,160.03
C1=CC2=C(C(=C1)O)OC3=CC(=CC(=C3C2=O)O)O,[M-H]-,147.37
C1=CC2=C(C(=C1)O)OC3=CC(=CC(=C3C2=O)O)O,[M+H]+,148
C1=C(C=C2C(=C1O)C(=O)C3=CC(=C(C=C3O2)O)O)O,[M-H]-,147.74
C1=C(C=C2C(=C1O)C(=O)C3=CC(=C(C=C3O2)O)O)O,[M+H]+,150.76
C1=CC=C2C(=C1)C(=O)C3=C(C=CC(=C3C2=O)O)O,[M-H]-,146.02
C1=CC=C2C(=C1)C(=O)C3=C(C=CC(=C3C2=O)O)O,[M+H]+,143.71
C1=CC2=C(C(=C1)O)OC3=CC=CC(=C3C2=O)O,[M-H]-,143.61
C1=CC2=C(C(=C1)O)OC3=CC=CC(=C3C2=O)O,[M+H]+,141.27
COC1=C(C=CC2=C1OC3=CC=CC(=C3C2=O)O)O,[M-H]-,151.93
COC1=C(C=CC2=C1OC3=CC=CC(=C3C2=O)O)O,[M+H]+,147.58
C1=CC(=C2C(=C1)OC3=C(C2=O)C=C(C=C3)O)O,[M-H]-,143.18
C1=CC(=C2C(=C1)OC3=C(C2=O)C=C(C=C3)O)O,[M+H]+,142.4
CC1=CC2=C(C(=C1)O)C(=O)C3=C(C(=C(C=C3C2=O)OC)OC)OC,[M-H]-,177.01
CC1=CC2=C(C(=C1)O)C(=O)C3=C(C(=C(C=C3C2=O)OC)OC)OC,[M+H]+,170.16
O=C(C1=CC(O)=CC(O)=C1)C2=C(O)C=C(O)C=C2OC,[M-H]-,159.45
O=C(C1=CC(O)=CC(O)=C1)C2=C(O)C=C(O)C=C2OC,[M+H]+,158.09
C1=C(C=C(C=C1O)O)C(=O)C2=C(C=C(C=C2O)O)O,[M-H]-,155.88
C1=C(C=C(C=C1O)O)C(=O)C2=C(C=C(C=C2O)O)O,[M+H]+,155.9
COC1=CC=C(C=C1)CCC(=O)C2=C(C=C(C=C2O)OC)O,[M-H]-,167.39
COC1=CC=C(C=C1)CCC(=O)C2=C(C=C(C=C2O)OC)O,[M+H]+,172.4
O=C1C2=C(C=C(OC)C(OC)=C2C(OC)=O)OC3=CC(C)=CC(O)=C31,[M-H]-,179.52
O=C1C2=C(C=C(OC)C(OC)=C2C(OC)=O)OC3=CC(C)=CC(O)=C31,[M+H]+,174.53
CC1=CC2=C(C(=C1O)OC)C(=O)C3=C(C2=O)C=C(C=C3O)O,[M-H]-,164.76
CC1=CC2=C(C(=C1O)OC)C(=O)C3=C(C2=O)C=C(C=C3O)O,[M+H]+,162.1
COC1=C(C=C(C=C1)C2=C(C(=O)C3=C(O2)C=C(C=C3OC)OC)OC)OC,[M+H]+,188.18
COC1=CC=C(C=C1)C2=C(C(=O)C3=C(O2)C=C(C=C3OC)OC)OC,[M+H]+,180.76
COC1=CC(=CC(=C1C(=O)C2=CC(=C(C=C2)O)O)OC)O,[M-H]-,166.05
COC1=CC(=CC(=C1C(=O)C2=CC(=C(C=C2)O)O)OC)O,[M+H]+,162.26
COC1=CC=C(C=C1)C2=CC(=O)C3=C(O2)C=C(C=C3OC)OC,[M+H]+,169.31
O=C(C1=CC(O)=C(O)C=C1)C2=C(O)C=C(O)C=C2OC,[M-H]-,158.68
O=C(C1=CC(O)=C(O)C=C1)C2=C(O)C=C(O)C=C2OC,[M+H]+,160.12
CC1=CC(=C2C(=C1)OC3=CC(=CC(=C3C2=O)C(=O)OC)O)O,[M-H]-,164.26
CC1=CC(=C2C(=C1)OC3=CC(=CC(=C3C2=O)C(=O)OC)O)O,[M+H]+,160.61
O=C1C2=C(O)C=C(OC)C=C2OC(C3=CC=C(OC)C(O)=C3)=C1OC,[M-H]-,182.67
O=C1C2=C(O)C=C(OC)C=C2OC(C3=CC=C(OC)C(O)=C3)=C1OC,[M+H]+,176.43
COC1=C(C=C(C=C1)C2=CC(=O)C3=C(O2)C=C(C=C3OC)OC)OC,[M+H]+,183.02
COC1=CC=C(C=C1)C2=C(C(=O)C3=C(C=C(C=C3O2)OC)O)OC,[M+H]+,171.8
COC1=CC(=C2C(=C1)OC(=C(C2=O)OC)C3=CC=CC=C3)O,[M+H]+,164.25
COC1=CC(=C2C(=C1)OC(=CC2=O)C3=CC=CC=C3)O,[M+H]+,161.58
C1=CC2=C(C(=C1)O)C(=O)C3=C(C2=O)C=C(C=C3O)CO,[M-H]-,155.01
C1=CC2=C(C(=C1)O)C(=O)C3=C(C2=O)C=C(C=C3O)CO,[M+H]+,154.71
COC1=CC(=CC2=C1C(=O)CC(O2)C3=CC=CC=C3)O,[M-H]-,163.31
COC1=CC(=CC2=C1C(=O)CC(O2)C3=CC=CC=C3)O,[M+H]+,158.84
O=C1C2=C(C=C(O)C(OC)=C2OC)C(C3=CC(C)=CC(O)=C31)=O,[M-H]-,165.56
O=C1C2=C(C=C(O)C(OC)=C2OC)C(C3=CC(C)=CC(O)=C31)=O,[M+H]+,164.74
CC1=CC2=C(C(=C1O)OC)C(=O)C3=C(C(=C(C=C3C2=O)O)OC)O,[M-H]-,171.55
CC1=CC2=C(C(=C1O)OC)C(=O)C3=C(C(=C(C=C3C2=O)O)OC)O,[M+H]+,167.25
COC1=CC(=CC(=C1C(=O)C=CC2=CC=CC=C2)O)O,[M-H]-,161.37
COC1=CC(=CC(=C1C(=O)C=CC2=CC=CC=C2)O)O,[M+H]+,161.53
C1C(C(C(CC1(C(=O)O)O)OC(=O)C=CC2=CC(=C(C=C2)O)O)O)O,[M-H]-,180.13
CC1=CC2=C(C(=C1)O)C(=O)C3=C(C2=O)C=CC=C3O,[M-H]-,150.59
CC1=CC2=C(C(=C1)O)C(=O)C3=C(C2=O)C=CC=C3O,[M+H]+,148.79
COC1=C(C=CC(=C1)C2=C(C(=O)C3=C(C(=C(C=C3O2)OC)OC)O)OC)O,[M-H]-,189.28
COC1=C(C=CC(=C1)C2=C(C(=O)C3=C(C(=C(C=C3O2)OC)OC)O)OC)O,[M+H]+,185.08
COC(=O)C1=C2C(=CC(=C1)O)OC3=CC(=CC(=C3C2=O)O)CO,[M-H]-,166.2
COC(=O)C1=C2C(=CC(=C1)O)OC3=CC(=CC(=C3C2=O)O)CO,[M+H]+,166.62
CC(=O)O[C@@H]1[C@@H]2[C@@H](O2)[C@@H]3[C@]([C@H]1OC(=O)C)(O3)COC(=O)C4=CC=CC=C4,[M+H]+,177.67
C[C@H]1CC2=C([C@H](O1)C)C(=O)C3=C(C2=O)C=CC=C3OC,[M+H]+,157.24
CC1=CC2=C(C(=C1)O)C(=O)C3=C(C2=O)C=C(C=C3OC4C(C(C(C(O4)CO)O)O)O)O,[M-H]-,195.69
CC1=CC2=C(C(=C1)O)C(=O)C3=C(C2=O)C=C(C=C3OC4C(C(C(C(O4)CO)O)O)O)O,[M+H]+,195.09
COC1=C(C=C(C=C1)C2=CC(=O)C3=C(C(=C(C=C3O2)OC)OC)O)O,[M-H]-,181.98
COC1=C(C=C(C=C1)C2=CC(=O)C3=C(C(=C(C=C3O2)OC)OC)O)O,[M+H]+,176.16
COC1=CC(=C(C(=C1)OC)C(=O)C=CC2=CC=C(C=C2)O)O,[M-H]-,174.45
COC1=CC(=C(C(=C1)OC)C(=O)C=CC2=CC=C(C=C2)O)O,[M+H]+,170.05
CC(CC(=O)C=C(C)C1CC(C2(C1(CC(=O)C3=C2C(CC4C3(CCC(=O)C4(C)C)C)O)C)C)O)C(=O)O,[M-H]-,214.92
CC(CC(=O)C=C(C)C1CC(C2(C1(CC(=O)C3=C2C(CC4C3(CCC(=O)C4(C)C)C)O)C)C)O)C(=O)O,[M+H]+,233.03
CC(CC(=O)CC(C)C(=O)O)C1CC(C2(C1(CC(=O)C3=C2C(CC4C3(CCC(=O)C4(C)C)C)O)C)C)O,[M-H]-,218.79
CC(CC(=O)CC(C)C(=O)O)C1CC(C2(C1(CC(=O)C3=C2C(CC4C3(CCC(C4(C)C)O)C)O)C)C)O,[M-H]-,222.92
CC(CCC=C(C)C(=O)O)C1CCC2(C1(CCC3=C2C(=O)CC4C3(CCC(=O)C4(C)C)C)C)C,[M-H]-,220.57
CC(CCC=C(C)C(=O)O)C1CCC2(C1(CCC3=C2C(=O)CC4C3(CCC(=O)C4(C)C)C)C)C,[M+H]+,222.82
COC1=CC(=CC(=C1O)OC)C2=CC=C(C=C2)O,[M-H]-,157.58
COC1=CC(=CC(=C1O)OC)C2=CC=C(C=C2)O,[M+H]+,155.34
OC1=CC=C(C2=CC(OC)=C(OC)C(O)=C2)C=C1OC,[M-H]-,167.95
OC1=CC=C(C2=CC(OC)=C(OC)C(O)=C2)C=C1OC,[M+H]+,162.63
O=C(C1=CC(O)=CC(O)=C1)C2=C(OC)C=C(O)C=C2OC,[M-H]-,167.57
O=C(C1=CC(O)=CC(O)=C1)C2=C(OC)C=C(O)C=C2OC,[M+H]+,161.27
C1=CC(=C(C=C1C2=C(C(=O)C3=C(C=C(C=C3O2)O)O)OC4C(C(C(C(O4)CO)O)O)O)O)O,[M-H]-,198.98
C1=CC(=C(C=C1C2=C(C(=O)C3=C(C=C(C=C3O2)O)O)OC4C(C(C(C(O4)CO)O)O)O)O)O,[M+H]+,201.63
CC1C(C(C(C(O1)OC2=CC(=C3C(=C2)OC(=C(C3=O)O)C4=CC=C(C=C4)O)O)O)O)O,[M-H]-,205.15
CC1C(C(C(C(O1)OC2=CC(=C3C(=C2)OC(=C(C3=O)O)C4=CC=C(C=C4)O)O)O)O)O,[M+H]+,203.28
CC1C(C(C(C(O1)OCC2C(C(C(C(O2)OC3=C(OC4=CC(=CC(=C4C3=O)O)O)C5=CC=C(C=C5)O)O)O)O)O)O)O,[M-H]-,228.26
CC1C(C(C(C(O1)OCC2C(C(C(C(O2)OC3=C(OC4=CC(=CC(=C4C3=O)O)O)C5=CC=C(C=C5)O)O)O)O)O)O)O,[M+H]+,228.93
CC1C(C(C(C(O1)OCC2C(C(C(C(O2)OC3=C(OC4=CC(=CC(=C4C3=O)O)O)C5=CC=C(C=C5)O)O)O)O)O)O)O,[M-H]-,227.12
CC1C(C(C(C(O1)OCC2C(C(C(C(O2)OC3=C(OC4=CC(=CC(=C4C3=O)O)O)C5=CC=C(C=C5)O)O)O)O)O)O)O,[M+H]+,232.59
CC(CCC(=O)O)C1CC(=O)C2(C1(CC(=O)C3=C2C(CC4C3(CCC(=O)C4(C)C)C)O)C)C,[M-H]-,207.61
C1=CC(=CC(=C1)O)C=CC(=O)O,[M-H]-,135.88
O=C1O[C@H](C)C2=C(O)C3=C(OC)C(OC)=CC=C3C=C21,[M-H]-,159.12
O=C1O[C@H](C)C2=C(O)C3=C(OC)C(OC)=CC=C3C=C21,[M+H]+,158.12
O=C1O[C@H](C)C2=C(OC)C3=C(OC)C(OC)=C(O)C=C3C=C21,[M-H]-,166.84
O=C1O[C@H](C)C2=C(OC)C3=C(OC)C(OC)=C(O)C=C3C=C21,[M+H]+,162.93
C1=CC(=CC=C1C=CC(=O)C2=C(C=C(C=C2O)O)O)O,[M-H]-,165.17
C1=CC(=CC=C1C=CC(=O)C2=C(C=C(C=C2O)O)O)O,[M+H]+,162.48
CC1=CC2=C(C(=C1O)OC)C(=O)C3=C(C2=O)C=CC=C3O,[M-H]-,157.02
CC1=CC2=C(C(=C1O)OC)C(=O)C3=C(C2=O)C=CC=C3O,[M+H]+,156.35
CC1=CC2=C(C(=C1)O)C(=O)C3=C(C2=O)C=C(C=C3O)OC,[M-H]-,160.16
CC1=CC2=C(C(=C1)O)C(=O)C3=C(C2=O)C=C(C=C3O)OC,[M+H]+,156.86
C1=CC=C(C=C1)C=CC(=O)C2=C(C=C(C=C2O)O)O,[M-H]-,159.85
C1=CC=C(C=C1)C=CC(=O)C2=C(C=C(C=C2O)O)O,[M+H]+,158.91
COC1=CC(=C(C(=C1)O)C(=O)C=CC2=CC=CC=C2)O,[M-H]-,163.31
COC1=CC(=C(C(=C1)O)C(=O)C=CC2=CC=CC=C2)O,[M+H]+,161.03
O=C1C2=C([C@@H](C)O[C@@H](C)C2)C(C3=C(OC)C=C(O)C=C31)=O,[M-H]-,167.95
O=C1C2=C([C@@H](C)O[C@@H](C)C2)C(C3=C(OC)C=C(O)C=C31)=O,[M+H]+,163.88
O=C1C2=C([C@@H](C)O[C@@H](C)C2)C(C3=C(O)C=C(O)C(C)=C31)=O,[M-H]-,163.43
O=C1C2=C([C@@H](C)O[C@@H](C)C2)C(C3=C(O)C=C(O)C(C)=C31)=O,[M+H]+,162.89
O=C1[C@@]2([H])[C@]([C@@H](C)O[C@@H](C)C2)([H])C(C3=C(O)C=C(O)C(C)=C31)=O,[M-H]-,164.12
O=C1[C@@]2([H])[C@]([C@@H](C)O[C@@H](C)C2)([H])C(C3=C(O)C=C(O)C(C)=C31)=O,[M+H]+,164.33
O=C1C2=C([C@@H](C)O[C@@H](C)C2)C(C3=C(OC)C=C(O)C(C)=C31)=O,[M-H]-,169.9
O=C1C2=C([C@@H](C)O[C@@H](C)C2)C(C3=C(OC)C=C(O)C(C)=C31)=O,[M+H]+,166.97
O=C1C2=C([C@@H](C)O[C@@H](C)C2)C(C3=C(OC)C(OC)=C(O)C=C31)=O,[M-H]-,174.31
O=C1C2=C([C@@H](C)O[C@@H](C)C2)C(C3=C(OC)C(OC)=C(O)C=C31)=O,[M+H]+,169.02
O=C1C2=C([C@@H](C)O[C@@H](C)C2)C(C3=C(O)C(OC)=C(O)C(C)=C31)=O,[M-H]-,171.37
O=C1C2=C([C@@H](C)O[C@@H](C)C2)C(C3=C(O)C(OC)=C(O)C(C)=C31)=O,[M+H]+,169.5
O=C1[C@@]2([H])[C@]([C@@H](C)O[C@@H](C)C2)([H])C(C3=C(O)C(OC)=C(O)C(C)=C31)=O,[M-H]-,174.99
O=C1[C@@]2([H])[C@]([C@@H](C)O[C@@H](C)C2)([H])C(C3=C(O)C(OC)=C(O)C(C)=C31)=O,[M+H]+,169.93
O=C1C2=C([C@@H](C)O[C@@H](C)C2)C(C3=C(OC)C(OC)=C(O)C(C)=C31)=O,[M-H]-,176.53
O=C1C2=C([C@@H](C)O[C@@H](C)C2)C(C3=C(OC)C(OC)=C(O)C(C)=C31)=O,[M+H]+,174.84
O=C1[C@@]2([H])[C@]([C@@H](C)O[C@@H](C)C2)([H])C(C3=C(OC)C(OC)=C(O)C(C)=C31)=O,[M-H]-,175.06
O=C1[C@@]2([H])[C@]([C@@H](C)O[C@@H](C)C2)([H])C(C3=C(OC)C(OC)=C(O)C(C)=C31)=O,[M+H]+,174.8
C1=CC=C2C(=C1)C(=O)C3=C(C2=O)C(=C(C=C3O)O)O,[M-H]-,146.37
C1=CC=C2C(=C1)C(=O)C3=C(C2=O)C(=C(C=C3O)O)O,[M+H]+,147.1
CC1=CC2=C(C(=C1)O)C(=O)C3=C(C2=O)C=C(C=C3OC)O,[M-H]-,157.02
CC1=CC2=C(C(=C1)O)C(=O)C3=C(C2=O)C=C(C=C3OC)O,[M+H]+,156.86
C1=CC2=C(C(=C1)O)C(=O)C3=C(C2=O)C=C(C=C3O)C(=O)O,[M-H]-,156.23
C1=CC2=C(C(=C1)O)C(=O)C3=C(C2=O)C=C(C=C3O)C(=O)O,[M+H]+,155.84
CC1=C(C=C2C(=C1O)C(=O)C3=CC=CC=C3C2=O)O,[M-H]-,152.22
CC1=C(C=C2C(=C1O)C(=O)C3=CC=CC=C3C2=O)O,[M+H]+,148.79
CC1=C(C=C2C(=C1OC)C(=O)C3=CC=CC=C3C2=O)O,[M-H]-,156.25
CC1=C(C=C2C(=C1OC)C(=O)C3=CC=CC=C3C2=O)O,[M+H]+,152.13
COC1=CC(=CC(=C1O)OC)C2=C(C(=O)C3=C(C=C(C=C3O2)O)O)O,[M-H]-,174.93
COC1=CC(=CC(=C1O)OC)C2=C(C(=O)C3=C(C=C(C=C3O2)O)O)O,[M+H]+,175.67
COC1=CC(=CC(=C1O)OC)C(=O)O,[M-H]-,137.82
COC1=CC(=CC(=C1O)OC)C(=O)O,[M+H]+,138.19
COC1=CC=C(C=C1)C2=CC(=O)C3=C(C=C(C=C3O2)OC4C(C(C(C(O4)CO)O)O)O)O,[M-H]-,212.76
COC1=CC=C(C=C1)C2=CC(=O)C3=C(C=C(C=C3O2)OC4C(C(C(C(O4)CO)O)O)O)O,[M+H]+,207.53
C1=CC=C(C=C1)C=CC(=O)O,[M-H]-,133.63
O=C1C2=C(C=C(O)C(OC)=C2C(OC)=O)OC3=CC(C)=CC(O)=C31,[M-H]-,172.22
O=C1C2=C(C=C(O)C(OC)=C2C(OC)=O)OC3=CC(C)=CC(O)=C31,[M+H]+,169.73
O=C1C2=C(C=C(OC)C(OC)=C2C(OC)=O)OC3=CC(C)=CC(O)=C31,[M-H]-,182.33
O=C1C2=C(C=C(OC)C(OC)=C2C(OC)=O)OC3=CC(C)=CC(O)=C31,[M+H]+,174.61
